Row,Site,SiteNo,PlotNo,SubplotNo,SubplotRes,X,Y,AgoHet,AirCar,AnaArv,AveFat,Bare,BriMin,BroDia,BroHor,CerGlo,ClaPur,CroSet,CynEch,DicCap,Erodium,GalPar,GasVen,GerDis,HypGla,Wyethia,LinCil,LinBic,LolMul,Lotus,Lupinus,MadSat,MicCal,NotMadia,PlaNot,Ranunculus,SilGal,SisBel,TaeCap,TriCro,TriDon,TriDub,TriEri,TriFuc,TriGra,TriHir,TriAes,TriWil,UnkForb,VicSat,VulMyu,WhiteBrush
1,MCL,4,1,1,2,2,1,1,1,0,1,1,1,0,1,0,0,0,0,0,1,1,0,0,1,0,1,0,0,0,1,1,1,0,0,0,0,0,0,0,0,0,0,0,0,0,0,0,0,0,1,0
2,MCL,4,1,1,1,2,1,3,2,0,2,2,1,0,4,0,0,0,0,0,3,2,0,0,5,0,3,0,0,0,3,4,3,0,0,0,0,0,0,0,0,0,0,0,0,0,0,0,0,0,2,0
3,MCL,4,1,1,0.5,1,1,3,2,0,0,3,1,0,4,0,0,0,0,0,3,1,0,0,5,0,3,0,0,0,3,4,2,0,0,0,0,0,0,0,0,0,0,0,0,0,0,0,0,0,3,0
4,MCL,4,1,1,0.25,1,1,2,2,0,0,4,1,0,4,0,0,0,0,0,3,0,0,0,4,0,0,0,0,0,3,4,1,0,0,0,0,0,0,0,0,0,0,0,0,0,0,0,0,0,4,0
5,MCL,4,1,2,0.25,2,2,3,0,0,0,0,0,0,4,0,0,0,0,0,3,1,0,0,5,0,2,0,0,0,3,4,1,0,0,0,0,0,0,0,0,0,0,0,0,0,0,0,0,0,0,0
6,MCL,4,1,2,0.5,2,1,3,3,0,0,0,1,0,3,0,0,0,0,0,3,2,0,0,5,0,3,0,0,0,3,4,3,0,0,0,0,0,0,0,0,0,0,0,0,0,0,0,0,0,1,0
7,MCL,4,1,3,0.25,1,2,2,2,0,0,0,0,0,3,0,0,0,0,0,3,1,0,0,4,0,2,0,0,0,2,4,2,0,0,0,0,0,0,0,0,0,0,0,0,0,0,0,0,0,0,0
8,MCL,4,1,4,0.25,2,1,2,2,0,0,0,1,0,2,0,0,0,0,0,3,1,0,0,5,0,3,0,0,0,3,3,2,0,0,0,0,0,0,0,0,0,0,0,0,0,0,0,0,0,0,0
9,MCL,4,1,2,1,2,2,3,2,0,4,0,1,0,5,0,0,0,0,0,3,1,0,0,4,0,2,0,0,0,3,4,2,0,0,0,0,0,0,0,0,0,0,0,0,0,0,0,0,0,2,0
10,MCL,4,1,3,0.5,1,1,2,2,0,4,0,1,0,4,0,0,0,0,0,3,1,0,0,3,0,0,0,0,0,3,5,1,0,0,0,0,0,0,0,0,0,0,0,0,0,0,0,0,0,1,0
11,MCL,4,1,5,0.25,2,1,0,2,0,3,0,0,0,4,0,0,0,0,0,2,1,0,0,3,0,0,0,0,0,0,4,0,0,0,0,0,0,0,0,0,0,0,0,0,0,0,0,0,0,0,0
12,MCL,4,1,6,0.25,2,2,2,2,0,4,0,1,0,3,0,0,0,0,0,3,0,0,0,3,0,0,0,0,0,2,5,1,0,0,0,0,0,0,0,0,0,0,0,0,0,0,0,0,0,0,0
13,MCL,4,1,4,0.5,2,1,2,2,0,1,0,0,0,5,0,0,0,0,0,3,1,0,0,3,0,2,0,0,0,3,4,3,0,0,0,0,0,0,0,0,0,0,0,0,0,0,0,0,0,1,0
14,MCL,4,1,7,0.25,1,2,3,2,0,1,0,0,0,4,0,0,0,0,0,3,1,0,0,3,0,2,0,0,0,3,4,0,0,0,0,0,0,0,0,0,0,0,0,0,0,0,0,0,0,1,0
15,MCL,4,1,8,0.25,2,1,0,1,0,2,0,0,0,4,0,0,0,0,0,3,1,0,0,4,0,0,0,0,0,2,3,3,0,0,0,0,0,0,0,0,0,0,0,0,0,0,0,0,0,0,0
16,MCL,4,2,1,2,1,2,1,1,1,1,0,1,0,1,0,0,1,0,0,1,1,1,0,1,0,1,0,0,0,1,1,1,0,0,1,0,0,0,0,1,0,0,0,1,0,0,0,0,0,1,0
17,MCL,4,2,1,1,1,2,4,3,1,2,0,1,0,4,0,0,1,0,0,3,2,1,0,3,0,2,0,0,0,3,3,2,0,0,2,0,0,0,0,2,0,0,0,0,0,0,0,0,0,3,0
18,MCL,4,2,1,0.5,1,1,4,3,1,2,0,1,0,4,0,0,1,0,0,3,2,1,0,3,0,2,0,0,0,3,3,2,0,0,0,0,0,0,0,1,0,0,0,0,0,0,0,0,0,3,0
19,MCL,4,2,1,0.25,1,2,3,3,0,0,0,0,0,4,0,0,0,0,0,3,1,1,0,3,0,2,0,0,0,3,3,2,0,0,0,0,0,0,0,0,0,0,0,0,0,0,0,0,0,2,0
20,MCL,4,2,2,0.25,2,2,2,2,0,2,0,0,0,3,0,0,1,0,0,3,1,1,0,2,0,0,0,0,0,3,2,1,0,0,0,0,0,0,0,0,0,0,0,0,0,0,0,0,0,3,0
21,MCL,4,2,2,0.5,2,1,4,2,1,2,0,0,0,3,0,0,0,0,0,3,1,0,0,3,0,0,0,0,0,3,3,0,0,0,2,0,0,0,0,0,0,0,0,0,0,0,0,0,0,4,0
22,MCL,4,2,3,0.25,1,1,4,2,2,1,0,0,0,4,0,0,0,0,0,3,1,0,0,2,0,0,0,0,0,3,3,0,0,0,3,0,0,0,0,0,0,0,0,0,0,0,0,0,0,4,0
23,MCL,4,2,4,0.25,1,2,3,2,0,2,0,0,0,4,0,0,0,0,0,3,1,0,0,2,0,0,0,0,0,3,3,0,0,0,0,0,0,0,0,0,0,0,0,0,0,0,0,0,0,3,0
24,MCL,4,2,2,1,2,2,4,2,2,1,0,0,0,4,0,0,2,0,0,3,2,0,0,3,0,0,0,0,0,3,3,1,0,0,0,0,0,0,0,1,0,0,0,1,0,0,0,0,0,4,0
25,MCL,4,2,3,0.5,2,1,5,2,0,0,0,0,0,4,0,0,1,0,0,3,1,0,0,3,0,0,0,0,0,3,3,1,0,0,0,0,0,0,0,0,0,0,0,0,0,0,0,0,0,4,0
26,MCL,4,2,5,0.25,1,1,5,2,0,1,0,0,0,4,0,0,0,0,0,3,1,0,0,3,0,0,0,0,0,3,3,1,0,0,0,0,0,0,0,0,0,0,0,0,0,0,0,0,0,3,0
27,MCL,4,2,6,0.25,1,2,5,1,0,0,0,0,0,3,0,0,2,0,0,3,1,0,0,3,0,0,0,0,0,3,2,0,0,0,0,0,0,0,0,0,0,0,0,0,0,0,0,0,0,4,0
28,MCL,4,2,4,0.5,2,2,5,2,2,0,0,0,0,3,0,0,1,0,0,3,2,0,0,4,0,0,0,0,0,3,3,0,0,0,0,0,0,0,0,2,0,0,0,2,0,0,0,0,0,4,0
29,MCL,4,2,7,0.25,2,1,5,1,0,0,0,0,0,4,0,0,0,0,0,3,2,0,0,4,0,0,0,0,0,3,3,0,0,0,0,0,0,0,0,0,0,0,0,0,0,0,0,0,0,3,0
30,MCL,4,2,8,0.25,2,2,4,0,0,0,0,0,0,3,0,0,0,0,0,3,1,0,0,4,0,0,0,0,0,3,4,0,0,0,0,0,0,0,0,2,0,0,0,0,0,0,0,0,0,3,0
31,MCL,4,2,1,4,1,1,0,0,0,0,0,0,0,0,0,0,0,0,0,0,0,0,0,0,0,0,0,0,0,0,0,0,0,0,0,0,0,0,0,0,0,0,0,0,0,0,0,0,0,0,0
32,MCL,4,3,1,2,2,3,0,0,0,0,0,0,0,0,0,0,0,0,0,0,0,0,0,0,0,0,0,0,0,0,0,0,0,0,0,0,0,0,0,0,0,0,0,0,0,0,0,0,0,0,0
33,MCL,4,3,1,1,1,1,2,2,0,1,2,1,0,3,0,0,1,0,0,3,1,0,0,3,0,0,0,0,1,3,5,1,0,0,0,0,0,0,0,0,0,0,0,0,0,0,0,0,0,2,0
34,MCL,4,3,1,0.5,2,1,2,1,0,0,0,0,0,4,0,0,1,0,0,3,1,0,0,3,0,0,0,0,0,3,5,0,0,0,0,0,0,0,0,0,0,0,0,0,0,0,0,0,0,2,0
35,MCL,4,3,1,0.25,1,1,2,1,0,0,0,0,0,3,0,0,0,0,0,2,1,0,0,3,0,0,0,0,0,3,5,0,0,0,0,0,0,0,0,0,0,0,0,0,0,0,0,0,0,3,0
36,MCL,4,3,2,0.25,1,2,3,0,0,0,0,0,0,2,0,0,0,0,0,3,1,0,0,2,0,0,0,0,0,3,4,0,0,0,0,0,0,0,0,0,0,0,0,0,0,0,0,0,0,1,0
37,MCL,4,3,2,0.5,2,2,3,0,0,1,2,1,0,4,0,0,0,0,0,3,1,0,0,3,0,0,0,0,0,3,5,0,0,0,0,0,0,0,0,0,0,0,0,0,0,0,0,0,0,2,0
38,MCL,4,3,3,0.25,1,1,2,0,0,0,0,0,0,2,0,0,0,0,0,2,1,0,0,2,0,0,0,0,0,3,5,0,0,0,0,0,0,0,0,0,0,0,0,0,0,0,0,0,0,1,0
39,MCL,4,3,4,0.25,1,2,2,0,0,0,0,0,0,2,0,0,0,0,0,3,1,0,0,3,0,0,0,0,0,3,5,0,0,0,0,0,0,0,0,0,0,0,0,0,0,0,0,0,0,1,0
40,MCL,4,3,2,1,2,1,3,2,1,2,1,1,0,4,0,0,2,0,0,3,2,0,0,3,0,0,0,0,2,4,4,0,0,0,0,0,0,0,0,1,0,0,0,0,0,0,0,0,0,2,0
41,MCL,4,3,3,0.5,1,1,2,1,0,0,0,0,0,4,0,0,0,0,0,3,1,0,0,3,0,0,0,0,0,3,3,0,0,0,0,0,0,0,0,0,0,0,0,0,0,0,0,0,0,3,0
42,MCL,4,3,5,0.25,2,1,3,1,0,0,0,0,0,4,0,0,0,0,0,3,1,0,0,3,0,0,0,0,0,2,3,0,0,0,0,0,0,0,0,0,0,0,0,0,0,0,0,0,0,2,0
43,MCL,4,3,6,0.25,1,2,3,1,0,0,0,0,0,4,0,0,0,0,0,3,1,0,0,2,0,0,0,0,0,3,2,0,0,0,0,0,0,0,0,0,0,0,0,0,0,0,0,0,0,2,0
44,MCL,4,3,4,0.5,1,2,3,2,0,2,0,1,0,3,0,0,1,0,0,2,2,0,0,2,0,0,0,0,0,4,4,0,0,0,0,0,0,0,0,1,0,0,0,0,0,0,0,0,0,0,0
45,MCL,4,3,7,0.25,2,1,4,0,0,0,0,1,0,3,0,0,0,0,0,3,2,0,0,3,0,0,0,0,0,4,4,0,0,0,0,0,0,0,0,1,0,0,0,0,0,0,0,0,0,0,0
46,MCL,4,3,8,0.25,2,2,3,2,0,2,0,0,0,3,0,0,1,0,0,2,1,0,0,2,0,0,0,0,0,3,4,0,0,0,0,0,0,0,0,0,0,0,0,0,0,0,0,0,0,0,0
47,MCL,4,4,1,2,1,4,0,0,0,0,0,0,0,0,0,0,0,0,0,0,0,0,0,0,0,0,0,0,0,0,0,0,0,0,0,0,0,0,0,0,0,0,0,0,0,0,0,0,0,0,0
48,MCL,4,4,1,1,1,2,2,2,3,2,2,1,0,3,0,2,1,0,0,3,1,2,0,3,0,2,1,0,3,4,4,3,0,0,0,0,1,0,0,2,0,0,1,0,0,0,0,0,0,3,2
49,MCL,4,4,1,0.5,1,1,1,2,3,2,2,1,0,2,0,2,1,0,0,3,1,0,0,2,0,0,1,0,3,4,3,2,0,0,0,0,1,0,0,2,0,0,1,0,0,0,0,0,0,4,2
50,MCL,4,4,1,0.25,1,1,0,2,3,0,1,0,0,0,0,2,1,0,0,3,1,0,0,2,0,0,0,0,3,4,3,2,0,0,0,0,0,0,0,0,0,0,0,0,0,0,0,0,0,3,0
51,MCL,4,4,2,0.25,1,2,0,2,2,2,0,1,0,0,0,2,0,0,0,3,2,0,0,0,0,0,1,0,3,4,3,2,0,0,0,0,0,0,0,3,0,0,0,0,0,0,0,0,0,3,0
52,MCL,4,4,2,0.5,2,2,2,3,2,2,1,2,0,2,0,1,0,0,0,3,2,2,0,2,0,2,1,0,3,4,4,2,0,0,0,0,0,0,0,2,0,0,0,0,0,0,0,0,0,1,0
53,MCL,4,4,3,0.25,1,2,1,2,0,0,0,2,0,2,0,0,0,0,0,3,2,3,0,2,0,0,1,0,3,3,4,2,0,0,0,0,0,0,0,2,0,0,0,0,0,0,0,0,0,2,0
54,MCL,4,4,4,0.25,2,1,2,2,0,1,1,1,0,2,0,0,0,0,0,2,1,2,0,3,0,3,1,0,0,2,3,2,0,0,0,0,0,0,0,0,0,0,0,0,0,0,0,0,0,0,0
55,MCL,4,4,2,1,2,2,3,2,2,2,3,2,0,2,0,1,0,0,0,3,1,2,0,4,0,3,2,0,3,4,4,3,0,0,0,0,0,0,0,2,0,0,0,0,0,0,0,0,1,3,0
56,MCL,4,4,3,0.5,1,1,2,2,3,0,3,1,0,2,0,2,0,0,0,3,1,2,0,4,0,3,2,0,2,3,4,3,0,0,0,0,0,0,0,1,0,0,0,0,0,0,0,0,0,2,0
57,MCL,4,4,5,0.25,1,1,2,2,2,0,3,1,0,0,0,2,0,0,0,2,1,1,0,4,0,0,2,0,0,2,4,2,0,0,0,0,0,0,0,2,0,0,0,0,0,0,0,0,0,3,0
58,MCL,4,4,6,0.25,1,2,2,3,2,0,3,1,0,1,0,0,0,0,0,3,1,2,0,4,0,1,1,0,2,3,4,3,0,0,0,0,0,0,0,0,0,0,0,0,0,0,0,0,0,1,0
59,MCL,4,4,4,0.5,2,2,2,2,1,2,2,2,0,2,0,0,0,0,0,3,1,0,0,4,0,2,3,0,4,4,3,3,0,0,0,0,0,0,0,2,0,0,0,0,0,0,0,0,1,3,0
60,MCL,4,4,7,0.25,1,2,3,2,0,2,2,0,0,2,0,0,0,0,0,2,1,0,0,3,0,2,3,0,4,4,3,2,0,0,0,0,0,0,0,2,0,0,0,0,0,0,0,0,0,2,0
61,MCL,4,4,8,0.25,2,2,2,2,1,2,0,2,0,2,0,0,0,0,0,2,1,0,0,4,0,2,3,0,3,3,3,2,0,0,0,0,0,0,0,1,0,0,0,0,0,0,0,0,0,2,0
62,MCL,4,4,1,4,1,2,0,0,0,0,0,0,0,0,0,0,0,0,0,0,0,0,0,0,0,0,0,0,0,0,0,0,0,0,0,0,0,0,0,0,0,0,0,1,0,0,0,0,0,0,0
63,MCL,4,5,1,2,4,1,0,0,0,0,0,0,0,0,0,0,0,0,0,0,0,0,0,0,0,0,0,0,0,0,0,0,0,0,0,0,0,0,0,0,0,0,0,0,0,0,0,0,0,0,0
64,MCL,4,5,1,1,1,2,0,2,0,0,0,2,0,3,0,0,0,0,0,3,1,0,0,3,0,2,0,0,2,3,2,2,0,0,0,0,0,0,0,1,0,0,0,0,0,0,0,0,0,4,0
65,MCL,4,5,1,0.5,1,2,0,2,0,0,0,2,0,4,0,0,0,0,0,3,0,0,0,2,0,2,0,0,2,2,2,3,0,0,0,0,0,0,0,1,0,0,0,0,0,0,0,0,0,3,0
66,MCL,4,5,1,0.25,1,1,0,2,0,0,0,2,0,2,0,0,0,0,0,3,0,0,0,3,0,2,0,0,2,0,1,2,0,0,0,0,0,0,0,0,0,0,0,0,0,0,0,0,0,4,0
67,MCL,4,5,2,0.25,1,2,0,2,0,0,0,2,0,2,0,0,0,0,0,3,0,0,0,2,0,2,0,0,0,0,0,0,0,0,0,0,0,0,0,0,0,0,0,0,0,0,0,0,0,4,0
68,MCL,4,5,2,0.5,2,2,0,2,0,0,0,2,0,3,0,0,0,0,0,3,2,0,0,2,0,1,0,0,0,2,2,0,0,0,0,0,0,0,0,0,0,0,0,0,0,0,0,0,0,4,0
69,MCL,4,5,3,0.25,2,1,0,2,0,0,0,1,0,3,0,0,0,0,0,2,0,0,0,0,0,0,0,0,0,2,3,0,0,0,0,0,0,0,0,0,0,0,0,0,0,0,0,0,0,3,0
70,MCL,4,5,4,0.25,2,2,0,0,0,0,0,1,0,2,0,0,0,0,0,2,0,0,0,2,0,0,0,0,0,2,2,0,0,0,0,0,0,0,0,0,0,0,0,0,0,0,0,0,0,4,0
71,MCL,4,5,2,1,2,2,2,2,1,0,0,2,0,4,0,0,0,0,0,3,1,0,0,4,0,2,0,0,2,3,2,2,0,0,0,0,0,0,0,0,0,0,0,0,0,0,0,0,0,3,0
72,MCL,4,5,3,0.5,1,2,0,1,2,0,0,1,0,3,0,0,0,0,0,3,1,0,0,3,0,2,0,0,2,2,2,2,0,0,0,0,0,0,0,0,0,0,0,0,0,0,0,0,0,4,0
73,MCL,4,5,5,0.25,1,1,0,1,1,0,0,0,0,2,0,0,0,0,0,3,0,0,0,0,0,0,0,0,0,2,0,0,0,0,0,0,0,0,0,0,0,0,0,0,0,0,0,0,0,3,0
74,MCL,4,5,6,0.25,1,2,0,1,1,0,0,1,0,2,0,0,0,0,0,3,0,0,0,2,0,1,0,0,0,3,2,2,0,0,0,0,0,0,0,0,0,0,0,0,0,0,0,0,0,4,0
75,MCL,4,5,4,0.5,2,1,2,2,0,0,0,1,0,3,0,0,0,0,0,3,1,0,0,4,0,2,0,0,0,3,3,1,0,0,0,0,0,0,0,0,0,0,0,0,0,0,0,0,0,2,0
76,MCL,4,5,7,0.25,1,2,2,1,0,0,0,1,0,3,0,0,0,0,0,3,1,0,0,5,0,2,0,0,0,3,2,0,0,0,0,0,0,0,0,0,0,0,0,0,0,0,0,0,0,2,0
77,MCL,4,5,8,0.25,2,2,0,1,0,0,0,2,0,4,0,0,0,0,0,3,0,0,0,3,0,2,0,0,0,4,2,0,0,0,0,0,0,0,0,0,0,0,0,0,0,0,0,0,0,0,0
78,MCL,4,6,1,2,3,2,0,0,0,0,0,0,0,0,0,0,0,0,0,0,0,0,0,0,0,0,0,0,0,0,0,0,0,0,0,0,0,0,0,0,0,0,0,0,0,0,0,0,0,0,0
79,MCL,4,6,1,1,1,2,3,2,0,1,0,1,0,5,0,0,1,0,0,3,1,0,0,3,0,2,0,0,0,4,3,2,0,0,0,0,0,0,0,0,0,0,0,0,0,0,0,0,0,3,0
80,MCL,4,6,1,0.5,1,2,3,2,0,1,0,0,0,4,0,0,0,0,0,3,1,0,0,3,0,2,0,0,0,4,3,2,0,0,0,0,0,0,0,0,0,0,0,0,0,0,0,0,0,3,0
81,MCL,4,6,1,0.25,1,1,2,2,0,1,0,0,0,5,0,0,0,0,0,3,1,0,0,2,0,2,0,0,0,5,3,0,0,0,0,0,0,0,0,0,0,0,0,0,0,0,0,0,0,2,0
82,MCL,4,6,2,0.25,2,1,3,1,0,0,0,0,0,4,0,0,0,0,0,3,1,0,0,3,0,0,0,0,0,3,2,2,0,0,0,0,0,0,0,0,0,0,0,0,0,0,0,0,0,3,0
83,MCL,4,6,2,0.5,2,2,3,2,0,0,0,0,0,4,0,0,1,0,0,3,2,0,0,3,0,2,0,0,0,3,2,2,0,0,0,0,0,0,0,0,0,0,0,0,0,0,0,0,0,2,0
84,MCL,4,6,3,0.25,2,1,3,1,0,0,0,0,0,4,0,0,1,0,0,3,0,0,0,2,0,2,0,0,0,4,2,1,0,0,0,0,0,0,0,0,0,0,0,0,0,0,0,0,0,2,0
85,MCL,4,6,4,0.25,2,2,2,2,0,0,0,0,0,4,0,0,0,0,0,3,2,0,0,3,0,1,0,0,0,3,2,3,0,0,0,0,0,0,0,0,0,0,0,0,0,0,0,0,0,2,0
86,MCL,4,6,2,1,2,2,2,2,0,0,0,1,0,5,0,0,1,0,0,3,1,0,0,3,0,2,0,0,0,4,2,2,0,0,0,0,0,0,0,0,0,0,0,0,0,0,0,0,0,3,0
87,MCL,4,6,3,0.5,2,1,1,1,0,0,0,1,0,5,0,0,0,0,0,3,0,0,0,2,0,2,0,0,0,3,2,2,0,0,0,0,0,0,0,0,0,0,0,0,0,0,0,0,0,3,0
88,MCL,4,6,5,0.25,1,1,0,0,0,0,0,1,0,3,0,0,0,0,0,3,0,0,0,0,0,0,0,0,0,2,2,2,0,0,0,0,0,0,0,0,0,0,0,0,0,0,0,0,0,2,0
89,MCL,4,6,6,0.25,1,2,1,1,0,0,0,1,0,5,0,0,0,0,0,3,0,0,0,0,0,3,0,0,0,3,0,1,0,0,0,0,0,0,0,0,0,0,0,0,0,0,0,0,0,3,0
90,MCL,4,6,4,0.5,2,2,2,2,0,0,0,1,0,4,0,0,1,0,0,3,1,0,0,3,0,2,0,0,0,3,2,2,0,0,0,0,0,0,0,0,0,0,0,0,0,0,0,0,0,3,0
91,MCL,4,6,7,0.25,1,1,2,2,0,0,0,0,0,4,0,0,0,0,0,3,1,0,0,3,0,2,0,0,0,3,1,2,0,0,0,0,0,0,0,0,0,0,0,0,0,0,0,0,0,2,0
92,MCL,4,6,8,0.25,1,2,2,2,0,0,0,0,0,4,0,0,1,0,0,3,1,0,0,4,0,2,0,0,0,3,2,1,0,0,0,0,0,0,0,0,0,0,0,0,0,0,0,0,0,2,0
93,MCL,4,6,1,4,2,1,0,0,0,0,0,0,0,0,0,0,0,0,0,0,0,0,0,0,0,0,0,0,0,0,0,0,0,0,0,0,0,0,0,0,0,0,0,0,0,0,0,0,0,0,0
94,MCL,4,7,1,2,3,3,0,0,0,0,0,0,0,0,0,0,0,0,0,0,0,0,0,0,0,0,0,0,0,0,0,0,0,0,0,0,0,0,0,0,0,0,0,0,0,0,0,0,0,0,0
95,MCL,4,7,1,1,1,2,2,2,0,1,0,1,0,5,0,0,0,0,0,3,1,0,0,3,0,2,0,0,0,4,2,3,0,0,0,0,0,0,0,0,0,0,0,0,0,0,0,0,0,2,0
96,MCL,4,7,1,0.5,1,1,2,0,0,0,0,1,0,5,0,0,0,0,0,3,1,0,0,2,0,2,0,0,0,4,2,2,0,0,0,0,0,0,0,0,0,0,0,0,0,0,0,0,0,1,0
97,MCL,4,7,1,0.25,1,1,1,0,0,0,0,1,0,5,0,0,0,0,0,3,1,0,0,1,0,1,0,0,0,3,2,1,0,0,0,0,0,0,0,0,0,0,0,0,0,0,0,0,0,0,0
98,MCL,4,7,2,0.25,2,2,2,0,0,0,0,1,0,5,0,0,0,0,0,3,0,0,0,2,0,0,0,0,0,4,2,2,0,0,0,0,0,0,0,0,0,0,0,0,0,0,0,0,0,1,0
99,MCL,4,7,2,0.5,1,2,2,2,0,1,0,1,0,5,0,0,0,0,0,3,1,0,0,2,0,2,0,0,0,4,2,3,0,0,0,0,0,0,0,0,0,0,0,0,0,0,0,0,0,1,0
100,MCL,4,7,3,0.25,1,1,2,2,0,0,0,1,0,5,0,0,0,0,0,3,1,0,0,1,0,2,0,0,0,4,2,2,0,0,0,0,0,0,0,0,0,0,0,0,0,0,0,0,0,1,0
101,MCL,4,7,4,0.25,1,2,2,2,0,0,0,0,0,5,0,0,0,0,0,3,1,0,0,1,0,3,0,0,0,3,2,3,0,0,0,0,0,0,0,0,0,0,0,0,0,0,0,0,0,0,0
102,MCL,4,7,2,1,2,1,5,2,0,2,0,1,0,5,0,0,1,0,0,3,1,0,0,3,0,2,0,0,0,4,2,3,0,0,0,0,0,0,0,0,0,0,0,1,0,0,0,0,0,2,0
103,MCL,4,7,3,0.5,2,1,4,2,0,2,0,0,0,5,0,0,1,0,0,3,1,0,0,2,0,2,0,0,0,4,2,3,0,0,0,0,0,0,0,0,0,0,0,0,0,0,0,0,0,2,0
104,MCL,4,7,5,0.25,1,1,3,0,0,2,0,0,0,5,0,0,1,0,0,2,1,0,0,2,0,1,0,0,0,3,2,3,0,0,0,0,0,0,0,0,0,0,0,0,0,0,0,0,0,0,0
105,MCL,4,7,6,0.25,2,1,2,2,0,0,0,0,0,5,0,0,0,0,0,3,1,0,0,2,0,2,0,0,0,4,2,0,0,0,0,0,0,0,0,0,0,0,0,0,0,0,0,0,0,1,0
106,MCL,4,7,4,0.5,2,2,5,1,0,2,0,0,0,4,0,0,0,0,0,3,1,0,0,2,0,2,0,0,0,4,2,3,0,0,0,0,0,0,0,0,0,0,0,1,0,0,0,0,0,1,0
107,MCL,4,7,7,0.25,1,2,5,1,0,1,0,0,0,3,0,0,0,0,0,3,0,0,0,2,0,0,0,0,0,3,2,2,0,0,0,0,0,0,0,0,0,0,0,0,0,0,0,0,0,0,0
108,MCL,4,7,8,0.25,2,2,5,0,0,1,0,0,0,4,0,0,0,0,0,3,1,0,0,3,0,0,0,0,0,3,2,2,0,0,0,0,0,0,0,0,0,0,0,1,0,0,0,0,0,0,0
109,MCL,4,8,1,2,4,4,0,0,0,0,0,0,0,0,0,0,0,0,0,0,0,0,0,0,0,0,0,0,0,0,0,0,0,0,0,0,0,0,0,0,0,0,0,0,0,0,0,0,0,1,0
110,MCL,4,8,1,1,1,2,2,1,1,4,2,1,0,2,0,0,0,0,1,3,1,0,0,4,0,0,0,0,2,3,2,5,0,0,0,0,0,0,0,1,0,0,0,1,0,0,0,0,0,0,0
111,MCL,4,8,1,0.5,1,1,2,2,2,3,3,2,0,2,0,0,0,0,1,3,1,0,0,5,0,0,0,0,2,2,2,4,0,0,0,0,0,0,0,0,0,0,0,2,0,0,0,0,0,0,0
112,MCL,4,8,1,0.25,1,2,2,0,0,3,2,0,0,0,0,0,0,0,1,2,0,0,0,5,0,0,0,0,0,0,0,4,0,0,0,0,0,0,0,0,0,0,0,1,0,0,0,0,0,0,0
113,MCL,4,8,2,0.25,2,2,2,0,0,3,0,0,0,2,0,0,0,0,0,3,0,0,0,4,0,0,0,0,2,2,2,5,0,0,0,0,0,0,0,0,0,0,0,0,0,0,0,0,0,0,0
114,MCL,4,8,2,0.5,2,1,1,1,1,3,0,1,0,0,0,0,0,0,0,3,1,0,0,3,0,0,0,0,2,3,3,5,0,0,0,0,0,0,0,1,0,0,0,0,0,0,0,0,0,0,0
115,MCL,4,8,3,0.25,1,1,0,1,0,3,0,1,0,2,0,0,0,0,0,2,1,0,0,3,0,0,0,0,2,2,3,5,0,0,0,0,0,0,0,0,0,0,0,0,0,0,0,0,0,0,0
116,MCL,4,8,4,0.25,2,2,1,1,1,3,0,0,0,2,0,0,0,0,0,3,1,0,0,2,0,0,0,0,0,0,3,4,0,0,0,0,0,0,0,1,0,0,0,0,0,0,0,0,0,0,0
117,MCL,4,8,2,1,2,2,2,1,0,3,0,2,0,0,0,0,0,0,0,3,2,0,0,4,0,1,0,0,0,3,2,3,0,0,0,0,0,0,0,0,0,0,0,0,0,0,0,0,0,0,0
118,MCL,4,8,3,0.5,1,2,2,0,0,4,0,1,0,0,0,0,0,0,0,3,1,0,0,4,0,0,0,0,0,3,2,2,0,0,0,0,0,0,0,0,0,0,0,0,0,0,0,0,0,0,0
119,MCL,4,8,5,0.25,1,2,2,0,0,2,0,0,0,0,0,0,0,0,0,3,0,0,0,4,0,1,0,0,0,3,2,2,0,0,0,0,0,0,0,0,0,0,0,0,0,0,0,0,0,0,0
120,MCL,4,8,6,0.25,2,1,1,0,0,5,0,1,0,0,0,0,0,0,0,3,0,0,0,3,0,0,0,0,0,2,2,1,0,0,0,0,0,0,0,0,0,0,0,0,0,0,0,0,0,0,0
121,MCL,4,8,4,0.5,2,1,2,0,0,2,0,2,0,2,0,0,0,0,0,3,2,0,0,4,0,0,0,0,0,3,2,3,0,0,0,0,0,0,0,0,0,0,0,0,0,0,0,0,0,0,0
122,MCL,4,8,7,0.25,1,2,1,1,0,2,0,2,0,2,0,0,0,0,0,2,1,0,0,3,0,0,0,0,0,3,1,2,0,0,0,0,0,0,0,0,0,0,0,0,0,0,0,0,0,0,0
123,MCL,4,8,8,0.25,2,1,2,2,0,2,0,1,0,0,0,0,0,0,0,3,2,0,0,4,0,0,0,0,0,0,2,2,0,0,0,0,0,0,0,0,0,0,0,0,0,0,0,0,0,0,0
124,MCL,4,8,1,4,2,2,0,0,0,0,0,0,0,0,0,0,0,0,0,0,0,0,0,0,0,0,0,0,0,0,0,0,0,0,0,0,0,0,0,0,0,0,0,0,0,0,0,0,0,0,0
125,MCL,3,8,1,2,4,4,0,0,0,0,0,0,0,0,0,0,0,0,0,0,0,0,0,0,0,0,0,0,0,0,0,0,0,0,0,0,0,0,0,0,0,0,0,0,0,0,0,0,0,0,0
126,MCL,3,8,1,1,1,2,2,2,0,0,0,1,0,3,0,0,0,0,1,3,2,0,0,4,0,3,1,0,0,2,3,3,0,0,0,0,0,0,0,0,0,0,0,0,0,0,0,0,0,1,0
127,MCL,3,8,1,0.5,1,1,2,2,0,0,0,1,0,3,0,0,0,0,0,3,1,0,0,3,0,2,0,0,0,2,3,1,0,0,0,0,0,0,0,0,0,0,0,0,0,0,0,0,0,0,0
128,MCL,3,8,1,0.25,1,2,2,1,0,0,0,0,0,2,0,0,0,0,0,2,1,0,0,3,0,0,0,0,0,0,3,0,0,0,0,0,0,0,0,0,0,0,0,0,0,0,0,0,0,0,0
129,MCL,3,8,2,0.25,2,2,2,1,0,0,0,1,0,2,0,0,0,0,0,3,1,0,0,3,0,2,0,0,0,0,3,1,0,0,0,0,0,0,0,0,0,0,0,0,0,0,0,0,0,0,0
130,MCL,3,8,2,0.5,2,1,2,2,0,0,0,1,0,4,0,0,0,0,1,2,1,0,0,5,0,3,1,0,0,4,2,2,0,0,0,0,0,0,0,0,0,0,0,0,0,0,0,0,0,0,0
131,MCL,3,8,3,0.25,1,1,2,2,0,0,0,0,0,4,0,0,0,0,0,2,1,0,0,4,0,3,1,0,0,2,1,1,0,0,0,0,0,0,0,0,0,0,0,0,0,0,0,0,0,0,0
132,MCL,3,8,4,0.25,2,2,0,1,0,0,0,2,0,4,0,0,0,0,1,2,1,0,0,4,0,3,0,0,0,3,0,0,0,0,0,0,0,0,0,0,0,0,0,0,0,0,0,0,0,0,0
133,MCL,3,8,2,1,2,2,2,2,0,0,3,2,0,5,0,2,1,0,1,3,2,1,0,5,0,3,1,0,0,3,2,4,0,0,0,0,0,0,0,0,0,0,0,0,0,0,0,1,0,3,0
134,MCL,3,8,3,0.5,1,2,2,2,0,0,4,2,0,3,0,2,0,0,0,3,1,1,0,5,0,2,0,0,0,2,2,4,0,0,0,0,0,0,0,0,0,0,0,0,0,0,0,1,0,3,0
135,MCL,3,8,5,0.25,1,2,2,2,0,0,5,1,0,2,0,0,0,0,0,3,1,1,0,4,0,0,0,0,0,0,3,4,0,0,0,0,0,0,0,0,0,0,0,0,0,0,0,1,0,1,0
136,MCL,3,8,6,0.25,2,1,2,2,0,0,0,0,0,3,0,0,0,0,0,3,2,0,0,5,0,2,0,0,0,0,0,3,0,0,0,0,0,0,0,0,0,0,0,0,0,0,0,0,0,4,0
137,MCL,3,8,4,0.5,2,1,2,2,0,0,0,1,0,4,0,0,0,0,1,3,1,0,0,5,0,2,1,0,0,3,2,3,0,0,0,0,0,0,0,0,0,0,0,0,0,0,0,0,0,3,0
138,MCL,3,8,7,0.25,1,2,2,2,0,0,0,1,0,4,0,0,0,0,0,2,1,0,0,4,0,2,1,0,0,3,2,1,0,0,0,0,0,0,0,0,0,0,0,0,0,0,0,0,0,2,0
139,MCL,3,8,8,0.25,2,1,0,2,0,0,0,0,0,4,0,0,0,0,1,3,1,0,0,5,0,1,0,0,0,2,2,2,0,0,0,0,0,0,0,0,0,0,0,0,0,0,0,0,0,2,0
140,MCL,3,7,1,2,3,3,0,0,0,0,0,0,0,0,0,0,0,0,0,0,0,0,0,0,0,0,0,0,0,0,0,0,0,0,0,0,0,0,0,0,0,0,0,0,0,0,0,0,0,0,0
141,MCL,3,7,1,1,1,2,2,2,0,0,0,1,0,5,0,0,0,0,1,2,2,0,0,5,0,3,0,0,0,3,2,4,0,0,0,0,0,0,0,2,0,0,0,0,0,0,0,0,0,3,2
142,MCL,3,7,1,0.5,1,1,2,1,0,0,0,1,0,4,0,0,0,0,1,2,2,0,0,5,0,2,0,0,0,2,2,3,0,0,0,0,0,0,0,0,0,0,0,0,0,0,0,0,0,3,0
143,MCL,3,7,1,0.25,1,1,1,1,0,0,0,0,0,4,0,0,0,0,0,2,2,0,0,5,0,2,0,0,0,2,0,3,0,0,0,0,0,0,0,0,0,0,0,0,0,0,0,0,0,2,0
144,MCL,3,7,2,0.25,2,2,2,1,0,0,0,0,0,4,0,0,0,0,1,2,1,0,0,5,0,2,0,0,0,2,2,3,0,0,0,0,0,0,0,0,0,0,0,0,0,0,0,0,0,3,0
145,MCL,3,7,2,0.5,1,2,2,1,0,0,0,1,0,5,0,0,0,0,0,2,1,0,0,5,0,2,0,0,0,3,2,4,0,0,0,0,0,0,0,2,0,0,0,0,0,0,0,0,0,2,0
146,MCL,3,7,3,0.25,1,1,2,1,0,0,0,1,0,4,0,0,0,0,0,2,1,0,0,4,0,3,0,0,0,3,2,3,0,0,0,0,0,0,0,1,0,0,0,0,0,0,0,0,0,1,0
147,MCL,3,7,4,0.25,1,2,2,1,0,0,0,0,0,4,0,0,0,0,0,2,1,0,0,3,0,1,0,0,0,3,2,4,0,0,0,0,0,0,0,0,0,0,0,0,0,0,0,0,0,2,0
148,MCL,3,7,2,1,2,1,3,2,0,0,0,1,0,4,0,0,0,0,0,3,1,0,0,5,0,2,0,0,0,4,2,3,0,0,0,0,0,0,0,0,0,0,0,0,0,0,0,0,0,3,1
149,MCL,3,7,3,0.5,2,1,3,2,0,0,0,0,0,4,0,0,0,0,0,3,1,0,0,4,0,2,0,0,0,2,1,3,0,0,0,0,0,0,0,0,0,0,0,0,0,0,0,0,0,2,1
150,MCL,3,7,5,0.25,1,1,3,2,0,0,0,0,0,3,0,0,0,0,0,2,1,0,0,4,0,2,0,0,0,2,2,1,0,0,0,0,0,0,0,0,0,0,0,0,0,0,0,0,0,1,1
151,MCL,3,7,6,0.25,2,1,1,0,0,0,0,0,0,3,0,0,0,0,0,2,1,0,0,4,0,1,0,0,0,3,0,3,0,0,0,0,0,0,0,0,0,0,0,0,0,0,0,0,0,0,0
152,MCL,3,7,4,0.5,2,2,2,2,0,0,0,1,0,4,0,0,0,0,0,2,1,0,0,4,0,2,0,0,0,3,2,1,0,0,0,0,0,0,0,0,0,0,0,0,0,0,0,0,0,2,1
153,MCL,3,7,7,0.25,1,2,3,2,0,0,0,1,0,4,0,0,0,0,0,2,1,0,0,4,0,2,0,0,0,2,2,1,0,0,0,0,0,0,0,0,0,0,0,0,0,0,0,0,0,3,0
154,MCL,3,7,8,0.25,2,2,2,1,0,0,0,1,0,4,0,0,0,0,0,2,1,0,0,5,0,2,0,0,0,3,0,2,0,0,0,0,0,0,0,0,0,0,0,0,0,0,0,0,0,2,1
155,MCL,3,6,1,2,3,2,0,0,0,0,0,0,0,0,0,0,0,0,0,0,0,0,0,0,0,0,0,0,1,0,0,0,0,0,0,0,0,0,0,0,0,0,0,0,0,0,0,0,0,0,0
156,MCL,3,6,1,1,1,2,2,2,1,0,3,1,1,4,0,0,0,0,1,2,2,0,0,5,0,1,0,0,0,4,2,2,0,0,0,0,0,0,0,0,0,0,0,0,0,0,0,0,0,3,1
157,MCL,3,6,1,0.5,1,2,2,2,0,0,2,0,1,4,0,0,0,0,0,2,2,0,0,5,0,0,0,0,0,4,2,2,0,0,0,0,0,0,0,0,0,0,0,0,0,0,0,0,0,1,0
158,MCL,3,6,1,0.25,1,1,2,1,0,0,0,0,2,2,0,0,0,0,0,2,2,0,0,5,0,0,0,0,0,3,2,0,0,0,0,0,0,0,0,0,0,0,0,0,0,0,0,0,0,0,0
159,MCL,3,6,2,0.25,2,1,3,1,0,0,3,0,0,2,0,0,0,0,0,2,2,0,0,5,0,0,0,0,0,3,2,0,0,0,0,0,0,0,0,0,0,0,0,0,0,0,0,0,0,1,0
160,MCL,3,6,2,0.5,2,2,2,2,2,0,3,1,0,4,0,0,0,0,1,2,2,0,0,5,0,0,0,0,0,4,2,2,0,0,0,0,0,0,0,0,0,0,0,0,0,0,0,0,0,3,0
161,MCL,3,6,3,0.25,2,1,2,2,0,0,2,1,0,2,0,0,0,0,1,2,2,0,0,5,0,0,0,0,0,3,2,0,0,0,0,0,0,0,0,0,0,0,0,0,0,0,0,0,0,1,0
162,MCL,3,6,4,0.25,2,2,2,2,0,0,0,0,0,3,0,0,0,0,0,0,2,0,0,3,0,0,0,0,0,2,0,2,0,0,0,0,0,0,0,0,0,0,0,0,0,0,0,0,0,4,0
163,MCL,3,6,2,1,2,2,2,2,0,0,0,1,0,3,0,2,0,0,0,2,2,0,0,4,0,2,0,0,0,3,2,2,0,0,0,0,0,0,0,1,0,0,0,0,0,0,0,0,0,2,0
164,MCL,3,6,3,0.5,2,1,1,2,0,0,0,0,0,3,0,0,0,0,0,2,2,0,0,2,0,2,0,0,0,3,2,2,0,0,0,0,0,0,0,1,0,0,0,0,0,0,0,0,0,2,0
165,MCL,3,6,5,0.25,1,1,0,2,0,0,0,0,0,2,0,0,0,0,0,1,1,0,0,2,0,2,0,0,0,3,2,2,0,0,0,0,0,0,0,0,0,0,0,0,0,0,0,0,0,0,0
166,MCL,3,6,6,0.25,1,2,0,2,0,0,0,0,0,3,0,0,0,0,0,2,1,0,0,2,0,0,0,0,0,2,0,2,0,0,0,0,0,0,0,1,0,0,0,0,0,0,0,0,0,2,0
167,MCL,3,6,4,0.5,2,2,2,1,0,0,0,1,0,3,0,2,0,0,0,2,1,0,0,2,0,1,0,0,0,3,0,1,0,0,0,0,0,0,0,0,0,0,0,0,0,0,0,0,0,2,0
168,MCL,3,6,7,0.25,1,1,2,1,0,0,0,0,0,3,0,2,0,0,0,3,1,0,0,3,0,1,0,0,0,3,0,1,0,0,0,0,0,0,0,0,0,0,0,0,0,0,0,0,0,2,0
169,MCL,3,6,8,0.25,1,2,2,1,0,0,0,1,0,3,0,0,0,0,0,2,1,0,0,3,0,0,0,0,0,2,0,0,0,0,0,0,0,0,0,0,0,0,0,0,0,0,0,0,0,1,0
170,MCL,3,6,2,4,2,1,0,0,0,0,0,0,0,0,0,0,0,0,0,0,0,0,0,0,0,0,0,0,0,0,0,0,0,0,0,0,0,0,0,0,1,0,0,0,0,0,0,0,0,0,0
171,MCL,3,5,1,2,4,1,0,0,0,0,0,1,0,0,0,0,0,0,0,0,0,0,0,0,0,0,0,0,0,0,0,0,0,0,0,0,0,0,0,0,0,0,0,0,0,0,0,0,0,0,0
172,MCL,3,5,1,1,1,2,2,3,0,0,1,0,0,4,0,1,0,0,2,2,2,0,0,5,0,3,0,0,0,3,0,4,0,0,0,0,0,0,0,0,1,0,0,0,0,0,0,0,0,2,0
173,MCL,3,5,1,0.5,1,2,0,3,0,0,0,0,0,3,0,0,0,0,1,2,2,0,0,5,0,0,0,0,0,3,0,4,0,0,0,0,0,0,0,0,0,0,0,0,0,0,0,0,0,2,0
174,MCL,3,5,1,0.25,1,1,2,2,0,0,0,0,0,3,0,0,0,0,0,2,2,0,0,5,0,0,0,0,0,3,0,3,0,0,0,0,0,0,0,0,0,0,0,0,0,0,0,0,0,2,0
175,MCL,3,5,2,0.25,1,2,3,2,0,0,0,0,0,3,0,0,0,0,1,2,1,0,0,4,0,0,0,0,0,3,0,3,0,0,0,0,0,0,0,0,0,0,0,0,0,0,0,0,0,1,0
176,MCL,3,5,2,0.5,2,2,3,2,0,0,0,0,0,3,0,1,0,0,0,2,2,0,0,5,0,2,0,0,0,3,0,3,0,0,0,0,0,0,0,0,2,0,0,0,0,0,0,0,0,0,0
177,MCL,3,5,3,0.25,2,1,2,2,0,0,0,0,0,3,0,1,0,0,0,2,1,0,0,5,0,2,0,0,0,2,0,0,0,0,0,0,0,0,0,0,0,0,0,0,0,0,0,0,0,0,0
178,MCL,3,5,4,0.25,2,2,3,2,0,0,0,0,0,2,0,0,0,0,0,2,2,0,0,5,0,2,0,0,0,2,0,0,0,0,0,0,0,0,0,0,2,0,0,0,0,0,0,0,0,0,0
179,MCL,3,5,2,1,2,2,2,2,0,0,0,0,0,4,0,1,0,0,0,2,2,0,0,4,0,3,0,0,0,4,0,3,0,0,0,0,0,0,0,0,0,0,0,0,0,0,0,0,0,1,0
180,MCL,3,5,3,0.5,1,2,2,2,0,0,0,0,0,3,0,1,0,0,0,2,2,0,0,3,0,3,0,0,0,4,0,2,0,0,0,0,0,0,0,0,0,0,0,0,0,0,0,0,0,0,0
181,MCL,3,5,5,0.25,1,1,1,2,0,0,0,0,0,2,0,1,0,0,0,2,2,0,0,3,0,2,0,0,0,2,0,1,0,0,0,0,0,0,0,0,0,0,0,0,0,0,0,0,0,0,0
182,MCL,3,5,6,0.25,1,2,2,3,0,0,0,0,0,3,0,0,0,0,0,2,2,0,0,3,0,2,0,0,0,2,0,2,0,0,0,0,0,0,0,0,0,0,0,0,0,0,0,0,0,0,0
183,MCL,3,5,4,0.5,2,1,2,3,0,0,0,0,0,4,0,0,0,0,0,2,1,0,0,4,0,3,0,0,0,3,0,2,0,0,0,0,0,0,0,0,0,0,0,0,0,0,0,0,0,0,0
184,MCL,3,5,7,0.25,1,2,2,3,0,0,0,0,0,4,0,0,0,0,0,2,1,0,0,3,0,3,0,0,0,3,0,2,0,0,0,0,0,0,0,0,0,0,0,0,0,0,0,0,0,0,0
185,MCL,3,5,8,0.25,2,2,2,2,0,0,0,0,0,4,0,0,0,0,0,2,0,0,0,2,0,2,0,0,0,0,0,0,0,0,0,0,0,0,0,0,0,0,0,0,0,0,0,0,0,0,0
186,MCL,3,4,1,2,1,4,0,0,0,0,0,0,0,0,0,0,0,0,0,0,0,0,0,0,0,0,0,0,0,0,0,0,0,0,0,0,0,0,0,1,0,0,1,0,0,0,0,0,0,0,0
187,MCL,3,4,1,1,1,2,4,4,0,0,1,1,0,4,0,0,0,0,0,2,2,0,0,4,0,2,0,0,0,3,3,0,0,0,0,0,0,0,0,0,0,0,0,0,0,0,0,0,0,2,0
188,MCL,3,4,1,0.5,1,1,4,4,0,0,0,0,0,5,0,0,0,0,0,2,2,0,0,4,0,2,0,0,0,3,2,0,0,0,0,0,0,0,0,0,0,0,0,0,0,0,0,0,0,2,0
189,MCL,3,4,1,0.25,1,1,3,3,0,0,0,0,0,4,0,0,0,0,0,2,2,0,0,4,0,2,0,0,0,3,2,0,0,0,0,0,0,0,0,0,0,0,0,0,0,0,0,0,0,0,0
190,MCL,3,4,2,0.25,1,2,4,3,0,0,0,0,0,3,0,0,0,0,0,2,0,0,0,4,0,0,0,0,0,3,2,0,0,0,0,0,0,0,0,0,0,0,0,0,0,0,0,0,0,0,0
191,MCL,3,4,2,0.5,2,2,3,3,0,0,0,0,0,3,0,0,0,0,0,2,2,0,0,3,0,2,0,0,0,3,4,0,0,0,0,0,0,0,0,0,0,0,0,0,0,0,0,0,0,3,0
192,MCL,3,4,3,0.25,1,2,4,3,0,0,0,0,0,4,0,0,0,0,0,2,2,0,0,4,0,0,0,0,0,2,3,0,0,0,0,0,0,0,0,0,0,0,0,0,0,0,0,0,0,2,0
193,MCL,3,4,4,0.25,2,1,3,3,0,0,0,0,0,4,0,0,0,0,0,3,2,0,0,4,0,3,0,0,0,3,4,0,0,0,0,0,0,0,0,0,0,0,0,0,0,0,0,0,0,2,0
194,MCL,3,4,2,1,2,2,2,3,1,0,0,1,0,5,0,0,0,0,0,3,2,0,0,3,0,2,0,0,0,3,3,2,0,0,0,0,0,0,0,0,0,0,0,2,0,0,0,0,0,2,0
195,MCL,3,4,3,0.5,1,1,3,3,0,0,0,2,0,4,0,0,0,0,0,3,2,0,0,3,0,2,0,0,0,3,2,2,0,0,0,0,0,0,0,0,0,0,0,2,0,0,0,0,0,2,0
196,MCL,3,4,5,0.25,1,1,4,3,0,0,0,1,0,4,0,0,0,0,0,3,2,0,0,3,0,0,0,0,0,2,2,0,0,0,0,0,0,0,0,0,0,0,0,2,0,0,0,0,0,2,0
197,MCL,3,4,6,0.25,1,2,2,3,0,0,0,1,0,4,0,0,0,0,0,0,1,0,0,3,0,1,0,0,0,3,2,0,0,0,0,0,0,0,0,0,0,0,0,0,0,0,0,0,0,2,0
198,MCL,3,4,4,0.5,2,2,2,2,0,0,0,0,0,5,0,0,0,0,0,4,2,0,0,3,0,1,0,0,0,3,4,1,0,0,0,0,0,0,0,0,0,0,0,0,0,0,0,0,0,2,0
199,MCL,3,4,7,0.25,1,2,2,2,0,0,0,0,0,5,0,0,0,0,0,3,2,0,0,3,0,2,0,0,0,3,4,0,0,0,0,0,0,0,0,0,0,0,0,0,0,0,0,0,0,1,0
200,MCL,3,4,8,0.25,2,2,2,2,0,0,0,0,0,4,0,0,0,0,0,3,2,0,0,3,0,2,0,0,0,2,4,1,0,0,0,0,0,0,0,0,0,0,0,0,0,0,0,0,0,2,0
201,MCL,3,4,1,4,1,2,0,0,0,0,0,0,0,0,0,0,0,0,0,0,0,0,0,0,0,0,0,0,0,0,0,0,0,0,0,0,0,0,0,0,1,0,0,0,0,0,0,0,0,0,0
202,MCL,3,3,1,2,2,3,0,0,0,0,0,0,0,0,0,0,0,0,0,0,0,0,0,0,0,0,0,0,0,0,0,0,0,0,0,0,0,0,0,0,0,0,0,0,0,0,0,0,0,0,0
203,MCL,3,3,1,1,1,1,3,1,1,0,0,1,0,3,0,3,0,0,1,3,2,0,0,5,0,3,0,0,0,4,2,4,0,0,0,0,0,0,0,0,0,0,0,0,0,0,0,0,0,1,2
204,MCL,3,3,1,0.5,2,1,3,2,0,0,0,1,0,2,0,3,0,0,1,2,2,0,0,4,0,0,0,0,0,3,2,4,0,0,0,0,0,0,0,0,0,0,0,0,0,0,0,0,0,1,1
205,MCL,3,3,1,0.25,1,1,2,1,0,0,0,0,0,2,0,2,0,0,1,2,2,0,0,4,0,0,0,0,0,2,0,4,0,0,0,0,0,0,0,0,0,0,0,0,0,0,0,0,0,2,0
206,MCL,3,3,2,0.25,1,2,3,0,0,0,0,1,0,2,0,2,0,0,0,0,1,0,0,5,0,0,0,0,0,3,2,4,0,0,0,0,0,0,0,0,0,0,0,0,0,0,0,0,0,0,0
207,MCL,3,3,2,0.5,2,2,4,0,0,0,0,1,0,2,0,2,0,0,1,3,2,0,0,5,0,2,0,0,0,3,2,4,0,0,0,0,0,0,0,0,0,0,0,0,0,0,0,0,0,1,2
208,MCL,3,3,3,0.25,1,1,4,0,0,0,0,1,0,2,0,2,0,0,1,0,2,0,0,4,0,0,0,0,0,3,0,4,0,0,0,0,0,0,0,0,0,0,0,0,0,0,0,0,0,0,2
209,MCL,3,3,4,0.25,1,2,3,2,0,0,0,0,0,2,0,0,0,0,0,2,2,0,0,4,0,3,0,0,0,3,2,4,0,0,0,0,0,0,0,0,0,0,0,0,0,0,0,0,0,1,1
210,MCL,3,3,2,1,2,1,2,2,0,0,0,1,0,5,0,2,0,0,0,2,2,0,0,5,0,0,0,0,0,3,2,2,0,0,0,0,0,0,0,0,0,0,0,0,0,0,0,0,0,2,0
211,MCL,3,3,3,0.5,1,1,2,0,0,0,0,0,0,4,0,3,0,0,0,2,2,0,0,3,0,0,0,0,0,3,2,2,0,0,0,0,0,0,0,0,0,0,0,0,0,0,0,0,0,0,0
212,MCL,3,3,5,0.25,2,1,0,0,0,0,0,0,0,4,0,2,0,0,0,0,2,0,0,3,0,0,0,0,0,3,2,1,0,0,0,0,0,0,0,0,0,0,0,0,0,0,0,0,0,0,0
213,MCL,3,3,6,0.25,1,2,2,1,0,0,0,0,0,3,0,0,0,0,0,2,1,0,0,4,0,0,0,0,0,2,2,2,0,0,0,0,0,0,0,0,0,0,0,0,0,0,0,0,0,0,0
214,MCL,3,3,4,0.5,1,2,3,2,0,0,0,1,0,4,0,2,0,0,0,2,2,0,0,4,0,0,0,0,0,4,2,3,0,0,0,0,0,0,0,0,0,0,0,0,0,0,0,0,0,2,0
215,MCL,3,3,7,0.25,2,1,2,1,0,0,0,1,0,4,0,3,0,0,0,2,2,0,0,3,0,0,0,0,0,4,2,2,0,0,0,0,0,0,0,0,0,0,0,0,0,0,0,0,0,0,0
216,MCL,3,3,8,0.25,2,2,3,2,0,0,0,0,0,4,0,2,0,0,0,2,2,0,0,4,0,0,0,0,0,2,1,3,0,0,0,0,0,0,0,0,0,0,0,0,0,0,0,0,0,2,0
217,MCL,3,2,1,2,1,2,0,0,0,0,0,0,0,0,0,0,0,0,0,0,0,0,0,0,0,0,0,0,0,0,0,0,0,0,0,0,0,0,0,0,0,0,0,0,0,0,0,0,0,0,0
218,MCL,3,2,1,1,1,2,2,3,1,0,2,2,0,3,1,2,0,1,1,2,2,1,0,4,0,0,1,0,0,3,2,4,0,0,0,1,0,0,0,0,3,0,1,1,1,0,0,0,0,3,4
219,MCL,3,2,1,0.5,1,1,2,3,1,0,3,1,0,3,1,3,0,0,0,2,2,1,0,3,0,0,0,0,0,3,2,4,0,0,0,1,0,0,0,0,2,0,1,0,0,0,0,0,0,3,2
220,MCL,3,2,1,0.25,1,2,1,3,1,0,3,1,0,2,1,3,0,0,0,2,2,0,0,4,0,0,0,0,0,3,2,3,0,0,0,0,0,0,0,0,0,0,0,0,0,0,0,0,0,1,2
221,MCL,3,2,2,0.25,2,2,2,2,0,0,3,1,0,1,0,1,0,0,0,2,2,1,0,4,0,0,0,0,0,3,2,4,0,0,0,1,0,0,0,0,0,0,0,0,0,0,0,0,0,3,2
222,MCL,3,2,2,0.5,2,1,2,3,0,0,2,2,0,2,0,2,0,0,1,2,2,0,0,3,0,0,1,0,0,3,2,5,0,0,0,0,0,0,0,0,2,0,1,0,1,0,0,0,0,3,3
223,MCL,3,2,3,0.25,1,1,2,2,0,0,2,1,0,2,0,2,0,0,0,0,1,0,0,3,0,0,1,0,0,3,2,4,0,0,0,0,0,0,0,0,2,0,0,0,0,0,0,0,0,3,3
224,MCL,3,2,4,0.25,1,2,0,2,0,0,0,0,0,1,0,2,0,0,1,0,1,0,0,3,0,0,0,0,0,2,2,5,0,0,0,0,0,0,0,0,0,0,0,0,0,0,0,0,0,1,3
225,MCL,3,2,2,1,2,1,2,3,0,0,2,1,0,3,0,3,0,0,1,2,2,0,0,4,0,0,0,0,0,3,2,3,0,0,0,0,0,0,0,1,2,0,0,0,1,0,0,0,0,2,3
226,MCL,3,2,3,0.5,1,1,2,3,0,0,2,0,0,2,0,3,0,0,1,2,2,0,0,3,0,0,0,0,0,2,2,3,0,0,0,0,0,0,0,2,0,0,0,0,0,0,0,0,0,1,3
227,MCL,3,2,5,0.25,1,2,2,1,0,0,2,0,0,2,0,3,0,0,0,1,2,0,0,4,0,0,0,0,0,2,1,2,0,0,0,0,0,0,0,2,0,0,0,0,0,0,0,0,0,0,3
228,MCL,3,2,6,0.25,2,2,2,2,0,0,2,0,0,2,0,2,0,0,0,2,1,0,0,2,0,0,0,0,0,2,1,3,0,0,0,0,0,0,0,1,0,0,0,0,0,0,0,0,0,0,5
229,MCL,3,2,4,0.5,2,2,2,2,0,0,1,1,0,3,0,2,0,0,1,2,2,0,0,4,0,0,0,0,0,3,2,4,0,0,0,0,0,0,0,1,2,0,0,0,0,0,0,0,0,1,3
230,MCL,3,2,7,0.25,2,1,3,2,0,0,1,0,0,2,0,2,0,0,1,2,1,0,0,4,0,0,0,0,0,3,0,4,0,0,0,0,0,0,0,0,2,0,0,0,0,0,0,0,0,1,1
231,MCL,3,2,8,0.25,2,2,0,2,0,0,1,1,0,2,0,1,0,0,0,0,2,0,0,4,0,0,0,0,0,3,0,5,0,0,0,0,0,0,0,0,2,0,0,0,0,0,0,0,0,0,2
232,MCL,3,2,1,4,1,1,0,0,0,0,0,0,0,0,1,0,0,0,0,0,0,0,0,0,0,0,0,0,0,0,0,0,0,0,0,0,0,0,0,0,0,0,0,0,0,0,0,0,0,0,0
233,MCL,3,1,1,2,2,1,0,0,0,0,0,0,0,0,0,0,0,0,0,0,0,0,0,0,0,1,0,0,0,0,0,0,0,0,0,0,0,0,0,0,0,0,0,1,0,0,0,0,0,0,0
234,MCL,3,1,1,1,2,1,3,4,2,0,3,2,0,3,0,2,0,0,0,0,2,0,0,5,0,0,0,0,2,4,2,4,0,0,0,0,1,0,0,0,3,0,0,0,0,0,0,0,2,3,0
235,MCL,3,1,1,0.5,2,1,3,3,1,0,2,2,0,3,0,1,0,0,0,0,2,0,0,5,0,0,0,0,2,3,2,3,0,0,0,0,0,0,0,0,4,0,0,0,0,0,0,0,0,2,0
236,MCL,3,1,1,0.25,1,2,3,3,0,0,0,0,0,3,0,1,0,0,0,0,1,0,0,5,0,0,0,0,0,2,0,3,0,0,0,0,0,0,0,0,4,0,0,0,0,0,0,0,0,0,0
237,MCL,3,1,2,0.25,2,1,2,2,0,0,0,1,0,4,0,0,0,0,0,0,1,0,0,4,0,0,0,0,3,3,0,3,0,0,0,0,0,0,0,0,2,0,0,0,0,0,0,0,0,0,0
238,MCL,3,1,2,0.5,1,1,3,4,2,0,0,1,0,2,0,0,0,0,0,0,2,0,0,4,0,0,0,0,0,3,2,2,0,0,0,0,0,0,0,0,2,0,0,0,0,0,0,0,2,2,0
239,MCL,3,1,3,0.25,1,1,3,4,1,0,0,0,0,2,0,0,0,0,0,0,2,0,0,4,0,0,0,0,0,2,0,3,0,0,0,0,0,0,0,0,2,0,0,0,0,0,0,0,2,2,0
240,MCL,3,1,4,0.25,2,2,4,4,2,0,0,0,0,2,0,0,0,0,0,0,2,0,0,3,0,0,0,0,0,3,0,3,0,0,0,0,0,0,0,0,2,0,0,0,0,0,0,0,0,1,0
241,MCL,3,1,2,1,2,2,3,3,2,0,2,2,0,3,0,2,0,0,0,0,2,0,0,5,0,0,0,0,0,4,0,3,0,0,0,0,0,0,0,0,3,0,0,0,0,0,0,0,0,4,1
242,MCL,3,1,3,0.5,1,1,3,4,2,0,2,2,0,3,0,2,0,0,0,0,2,0,0,4,0,0,0,0,0,3,0,4,0,0,0,0,0,0,0,0,3,0,0,0,0,0,0,0,1,2,0
243,MCL,3,1,5,0.25,2,1,2,2,0,0,2,1,0,3,0,2,0,0,0,0,1,0,0,3,0,0,0,0,0,2,0,4,0,0,0,0,0,0,0,0,2,0,0,0,0,0,0,0,1,2,0
244,MCL,3,1,6,0.25,2,2,2,2,2,0,0,0,0,3,0,2,0,0,0,0,2,0,0,3,0,0,0,0,0,3,0,2,0,0,0,0,0,0,0,0,3,0,0,0,0,0,0,0,0,1,0
245,MCL,3,1,4,0.5,2,1,3,3,2,0,1,2,0,3,0,2,0,0,0,0,2,0,0,5,0,0,0,0,0,4,0,3,0,0,0,0,0,0,0,0,3,0,0,0,0,0,0,0,0,3,0
246,MCL,3,1,7,0.25,1,2,3,2,2,0,0,0,0,2,0,1,0,0,0,0,2,0,0,3,0,0,0,0,0,3,0,2,0,0,0,0,0,0,0,0,3,0,0,0,0,0,0,0,0,3,0
247,MCL,3,1,8,0.25,2,1,3,3,1,0,0,2,0,2,0,1,0,0,0,0,2,0,0,5,0,0,0,0,0,3,0,2,0,0,0,0,0,0,0,0,3,0,0,0,0,0,0,0,0,1,0
248,MCL,2,8,1,2,4,4,0,0,0,0,0,0,0,0,0,0,0,0,0,0,0,0,0,0,0,0,0,0,0,0,0,0,0,0,0,0,0,0,0,0,0,0,0,0,0,0,0,0,0,0,0
249,MCL,2,8,1,1,1,2,1,3,0,0,0,2,0,3,0,0,0,0,0,2,1,0,0,2,0,0,0,0,4,3,3,1,0,0,2,0,0,0,0,4,0,0,1,0,0,0,0,0,0,2,4
250,MCL,2,8,1,0.5,1,1,1,2,0,0,0,2,0,3,0,0,0,0,0,2,0,0,0,2,0,0,0,0,3,3,2,1,0,0,3,0,0,0,0,4,0,0,0,0,0,0,0,0,0,2,5
251,MCL,2,8,1,0.25,1,2,0,3,0,0,0,2,0,4,0,0,0,0,0,2,0,0,0,1,0,0,0,0,2,2,3,0,0,0,0,0,0,0,0,4,0,0,0,0,0,0,0,0,0,1,4
252,MCL,2,8,2,0.25,2,2,0,2,0,0,0,1,0,3,0,0,0,0,0,2,0,0,0,2,0,0,0,0,4,3,2,0,0,0,0,0,0,0,0,3,0,0,0,0,0,0,0,0,0,0,5
253,MCL,2,8,2,0.5,2,1,1,2,0,0,0,2,0,3,0,0,0,0,0,2,1,0,0,2,0,0,0,0,4,3,3,1,0,0,1,0,0,0,0,0,0,0,0,0,0,0,0,0,0,2,3
254,MCL,2,8,3,0.25,1,1,0,2,0,0,0,1,0,3,0,0,0,0,0,3,0,0,0,2,0,0,0,0,4,2,2,0,0,0,1,0,0,0,0,0,0,0,0,0,0,0,0,0,0,2,2
255,MCL,2,8,4,0.25,2,2,1,2,0,0,0,2,0,2,0,0,0,0,0,2,0,0,0,2,0,0,0,0,4,3,3,0,0,0,0,0,0,0,0,0,0,0,0,0,0,0,0,0,0,2,3
256,MCL,2,8,2,1,2,2,2,3,0,2,0,2,0,2,0,2,1,0,0,4,1,0,0,3,0,2,0,0,4,4,3,1,0,0,0,0,0,0,0,3,0,0,0,1,0,0,0,0,0,3,1
257,MCL,2,8,3,0.5,1,2,2,3,2,0,0,2,0,2,0,2,0,0,0,4,1,0,0,3,0,2,0,0,3,3,3,1,0,0,0,0,0,0,0,0,0,0,0,0,0,0,0,0,0,2,0
258,MCL,2,8,5,0.25,1,2,2,2,0,0,0,2,0,2,0,3,0,0,0,3,1,0,0,2,0,3,0,0,3,3,3,0,0,0,0,0,0,0,0,0,0,0,0,0,0,0,0,0,0,1,0
259,MCL,2,8,6,0.25,2,1,2,3,2,0,0,1,0,2,0,3,0,0,0,3,1,0,0,3,0,0,0,0,2,3,2,1,0,0,0,0,0,0,0,0,0,0,0,0,0,0,0,0,0,3,0
260,MCL,2,8,4,0.5,2,1,2,2,0,2,0,0,0,3,0,0,1,0,0,3,1,0,0,3,0,1,0,0,3,4,3,3,0,0,0,0,0,0,0,2,0,0,0,0,0,0,0,0,0,3,1
261,MCL,2,8,7,0.25,1,2,2,2,0,2,0,1,0,3,0,0,1,0,0,3,1,0,0,3,0,0,0,0,2,4,2,0,0,0,0,0,0,0,0,3,0,0,0,0,0,0,0,0,0,2,0
262,MCL,2,8,8,0.25,2,1,2,2,0,1,0,1,0,2,0,0,0,0,0,3,1,0,0,2,0,0,0,0,4,3,3,3,0,0,0,0,0,0,0,2,0,0,0,0,0,0,0,0,0,3,1
263,MCL,2,8,1,4,2,2,0,0,0,0,0,0,0,0,0,0,0,0,0,0,0,0,0,0,0,0,0,0,0,0,0,0,0,0,0,0,1,0,0,0,0,0,0,0,0,0,0,0,0,0,0
264,MCL,2,7,1,2,3,3,0,0,0,0,0,0,0,0,0,0,0,0,0,0,0,0,0,0,0,0,0,0,0,0,0,0,0,0,0,0,0,0,0,0,0,0,0,0,0,0,0,0,0,0,0
265,MCL,2,7,1,1,1,1,2,3,2,1,2,2,0,3,0,2,1,0,0,3,2,0,0,3,0,0,0,0,2,3,3,0,0,0,0,0,0,0,0,4,0,0,0,0,0,0,0,0,0,4,3
266,MCL,2,7,1,0.5,1,1,1,3,2,0,0,1,0,3,0,1,0,0,0,3,1,0,0,2,0,0,0,0,0,2,3,0,0,0,0,0,0,0,0,5,0,0,0,0,0,0,0,0,0,4,3
267,MCL,2,7,1,0.25,1,2,0,1,1,0,0,1,0,3,0,0,0,0,0,3,1,0,0,2,0,0,0,0,0,0,3,0,0,0,0,0,0,0,0,5,0,0,0,0,0,0,0,0,0,4,1
268,MCL,2,7,2,0.25,2,2,2,2,0,1,0,0,0,1,0,1,0,0,0,2,1,0,0,0,0,0,0,0,0,2,3,0,0,0,0,0,0,0,0,4,0,0,0,0,0,0,0,0,0,4,2
269,MCL,2,7,2,0.5,1,1,2,2,2,0,2,1,0,2,0,2,0,0,0,3,0,0,0,3,0,0,0,0,2,2,3,0,0,0,0,0,0,0,0,4,0,0,0,0,0,0,0,0,0,4,2
270,MCL,2,7,3,0.25,1,2,0,2,2,0,2,0,0,2,0,0,0,0,0,3,2,0,0,2,0,0,0,0,0,0,3,0,0,0,0,0,0,0,0,4,0,0,0,0,0,0,0,0,0,2,0
271,MCL,2,7,4,0.25,1,1,0,3,2,0,2,1,0,2,0,0,0,0,0,0,2,0,0,2,0,0,0,0,0,0,3,0,0,0,0,0,0,0,0,4,0,0,0,0,0,0,0,0,0,3,0
272,MCL,2,7,2,1,2,1,2,4,2,0,2,2,0,3,2,0,0,0,0,3,2,0,0,3,0,0,0,0,3,3,4,0,0,0,0,0,1,0,0,5,0,0,0,0,0,0,0,0,0,3,3
273,MCL,2,7,3,0.5,2,1,0,3,0,0,2,0,0,2,1,0,0,0,0,3,2,0,0,4,0,0,0,0,0,4,4,1,0,0,0,0,2,0,0,4,0,0,0,0,0,0,0,0,0,2,0
274,MCL,2,7,5,0.25,1,1,0,3,0,0,0,0,0,1,1,0,0,0,0,2,2,0,0,3,0,0,0,0,0,4,4,0,0,0,0,0,0,0,0,3,0,0,0,0,0,0,0,0,0,2,0
275,MCL,2,7,6,0.25,2,1,0,2,0,0,2,0,0,2,0,0,0,0,0,2,1,0,0,2,0,0,0,0,0,2,5,1,0,0,0,0,1,0,0,3,0,0,0,0,0,0,0,0,0,1,0
276,MCL,2,7,4,0.5,2,2,1,2,1,0,1,2,0,2,2,1,0,0,0,3,2,0,0,4,0,2,0,0,2,4,4,2,0,0,0,0,0,0,0,5,0,0,0,0,0,0,0,0,0,2,1
277,MCL,2,7,7,0.25,1,2,1,2,1,0,2,1,0,2,0,0,0,0,0,3,2,0,0,4,0,2,0,0,2,4,3,1,0,0,0,0,0,0,0,4,0,0,0,0,0,0,0,0,0,2,2
278,MCL,2,7,8,0.25,2,2,1,2,0,0,2,1,0,2,2,1,0,0,0,2,2,0,0,4,0,0,0,0,2,3,3,2,0,0,0,0,0,0,0,4,0,0,0,0,0,0,0,0,0,2,0
279,MCL,2,6,1,2,3,2,0,0,0,0,0,0,0,0,0,0,0,0,0,0,0,0,0,0,0,0,0,0,0,0,0,0,0,0,0,0,0,0,0,0,0,0,0,0,0,0,0,0,0,0,0
280,MCL,2,6,1,1,1,2,2,4,0,0,2,2,0,3,2,1,0,0,0,3,2,1,0,2,0,3,0,0,0,3,3,0,0,0,2,0,0,0,0,4,0,0,0,1,0,0,0,0,0,5,2
281,MCL,2,6,1,0.5,1,2,2,2,0,0,2,0,0,3,2,0,0,0,0,3,2,0,0,2,0,0,0,0,0,2,3,0,0,0,0,0,0,0,0,4,0,0,0,0,0,0,0,0,0,5,1
282,MCL,2,6,1,0.25,1,1,0,2,0,0,0,0,0,3,1,0,0,0,0,3,2,0,0,2,0,0,0,0,0,2,5,0,0,0,0,0,0,0,0,4,0,0,0,0,0,0,0,0,0,2,1
283,MCL,2,6,2,0.25,2,1,2,2,0,0,1,0,0,2,2,0,0,0,0,3,1,0,0,0,0,0,0,0,0,2,2,0,0,0,0,0,0,0,0,4,0,0,0,0,0,0,0,0,0,4,2
284,MCL,2,6,2,0.5,2,2,2,3,0,0,2,0,0,2,1,0,0,0,0,3,1,1,0,2,0,3,0,0,0,2,3,0,0,0,0,0,0,0,0,4,0,0,0,0,0,0,0,0,0,4,0
285,MCL,2,6,3,0.25,2,1,2,2,0,0,0,0,0,1,1,0,0,0,0,2,1,0,0,2,0,4,0,0,0,0,2,0,0,0,0,0,0,0,0,4,0,0,0,0,0,0,0,0,0,3,0
286,MCL,2,6,4,0.25,2,2,0,2,0,0,2,0,0,1,0,0,0,0,0,3,1,0,0,2,0,3,0,0,0,0,3,0,0,0,0,0,0,0,0,4,0,0,0,0,0,0,0,0,0,2,0
287,MCL,2,6,2,1,2,2,2,3,1,0,2,2,0,2,1,0,0,0,0,3,2,0,0,3,0,1,0,0,2,3,4,1,0,0,0,0,0,0,0,3,0,0,0,0,0,0,0,0,0,4,0
288,MCL,2,6,3,0.5,2,1,0,2,1,0,3,1,0,2,0,0,0,0,0,3,2,0,0,2,0,1,0,0,2,2,4,1,0,0,0,0,0,0,0,3,0,0,0,0,0,0,0,0,0,4,0
289,MCL,2,6,5,0.25,1,1,0,2,0,0,3,0,0,1,0,0,0,0,0,2,2,0,0,2,0,2,0,0,0,2,3,0,0,0,0,0,0,0,0,3,0,0,0,0,0,0,0,0,0,4,0
290,MCL,2,6,6,0.25,1,2,0,2,0,0,3,0,0,2,0,0,0,0,0,3,0,0,0,2,0,0,0,0,2,0,3,0,0,0,0,0,0,0,0,3,0,0,0,0,0,0,0,0,0,4,0
291,MCL,2,6,4,0.5,2,2,2,3,1,0,2,1,0,2,1,0,0,0,0,3,0,0,0,2,0,1,0,0,1,2,4,0,0,0,0,0,0,0,0,3,0,0,0,0,0,0,0,0,0,3,0
292,MCL,2,6,7,0.25,1,1,2,2,1,0,2,0,0,2,0,0,0,0,0,3,0,0,0,2,0,0,0,0,1,2,3,0,0,0,0,0,0,0,0,3,0,0,0,0,0,0,0,0,0,3,0
293,MCL,2,6,8,0.25,1,2,1,2,0,0,2,1,0,0,1,0,0,0,0,2,0,0,0,3,0,0,0,0,0,2,4,0,0,0,0,0,0,0,0,4,0,0,0,0,0,0,0,0,0,1,0
294,MCL,2,6,1,4,2,1,0,0,0,0,0,0,0,0,0,0,0,0,0,0,0,0,0,0,0,0,0,0,0,0,0,0,0,0,0,0,0,0,0,0,0,0,0,0,0,0,0,0,0,0,0
295,MCL,2,5,1,2,4,1,0,0,0,0,0,0,0,0,0,0,0,0,0,0,0,0,0,0,0,0,0,0,0,0,0,0,0,0,0,0,0,0,0,0,0,0,0,1,0,0,0,0,0,0,0
296,MCL,2,5,1,1,1,2,3,3,2,0,3,1,0,4,0,3,1,0,2,3,2,2,0,5,0,2,1,0,2,4,2,0,0,0,0,0,0,0,0,2,0,0,0,0,0,0,0,0,0,4,0
297,MCL,2,5,1,0.5,1,2,2,3,0,0,0,0,0,3,0,3,0,0,2,3,2,0,0,4,0,2,0,0,0,2,2,0,0,0,0,0,0,0,0,2,0,0,0,0,0,0,0,0,0,3,0
298,MCL,2,5,1,0.25,1,1,2,3,0,0,1,0,0,3,0,2,0,0,0,2,2,0,0,4,0,0,0,0,0,0,0,0,0,0,0,0,0,0,0,0,0,0,0,0,0,0,0,0,0,4,0
299,MCL,2,5,2,0.25,1,2,2,3,0,0,2,0,0,1,0,3,0,0,1,2,2,0,0,3,0,0,1,0,0,0,2,0,0,0,0,0,0,0,0,2,0,0,0,0,0,0,0,0,0,2,0
300,MCL,2,5,2,0.5,2,2,2,3,2,0,2,0,0,3,0,2,2,0,0,3,2,2,0,4,0,2,1,0,0,4,2,0,0,0,0,0,0,0,0,2,0,0,0,0,0,0,0,0,0,2,0
301,MCL,2,5,3,0.25,2,1,4,1,2,0,2,0,0,2,0,0,1,0,0,3,2,2,0,4,0,2,1,0,0,3,0,0,0,0,0,0,0,0,0,0,0,0,0,0,0,0,0,0,0,1,0
302,MCL,2,5,4,0.25,2,2,5,0,0,0,0,0,0,2,0,0,1,0,0,3,2,0,0,5,0,3,0,0,0,4,2,0,0,0,0,0,0,0,0,2,0,0,0,0,0,0,0,0,0,2,0
303,MCL,2,5,2,1,2,2,5,4,2,2,3,1,0,3,0,1,0,0,0,3,2,2,0,5,0,2,1,0,0,4,2,3,0,0,0,0,0,0,0,1,0,0,0,0,0,0,0,0,0,1,0
304,MCL,2,5,3,0.5,1,2,4,2,2,2,3,0,0,3,0,0,0,0,0,3,1,0,0,4,0,2,0,0,0,3,2,0,0,0,0,0,0,0,0,0,0,0,0,0,0,0,0,0,0,1,0
305,MCL,2,5,5,0.25,1,1,4,2,1,1,3,0,0,3,0,0,0,0,0,3,1,0,0,4,0,2,0,0,0,3,2,0,0,0,0,0,0,0,0,0,0,0,0,0,0,0,0,0,0,0,0
306,MCL,2,5,6,0.25,1,2,3,0,2,2,2,0,0,3,0,0,0,0,0,2,1,1,0,3,0,0,0,0,0,3,2,0,0,0,0,0,0,0,0,0,0,0,0,0,0,0,0,0,0,0,0
307,MCL,2,5,4,0.5,2,1,4,4,0,2,0,0,0,3,0,0,0,0,0,3,2,0,0,4,0,1,0,0,0,3,0,2,0,0,0,0,0,0,0,0,0,0,0,0,0,0,0,0,0,2,0
308,MCL,2,5,7,0.25,1,2,3,2,0,1,3,0,0,3,0,0,0,0,0,3,2,0,0,3,0,0,0,0,0,3,2,1,0,0,0,0,0,0,0,0,0,0,0,0,0,0,0,0,0,0,0
309,MCL,2,5,8,0.25,2,2,4,2,0,2,3,0,0,1,0,0,0,0,0,3,1,2,0,4,0,0,0,0,0,0,1,2,0,0,0,0,0,0,0,0,0,0,0,0,0,0,0,0,0,1,0
310,MCL,2,4,1,2,1,4,0,0,0,0,0,0,0,0,0,0,0,0,0,0,0,0,0,0,0,0,0,0,0,0,0,0,0,0,0,0,0,0,0,0,0,0,0,0,0,0,0,0,0,0,0
311,MCL,2,4,1,1,1,2,3,3,0,4,2,2,0,3,0,2,1,0,0,5,2,2,0,3,0,2,0,0,0,4,5,0,0,0,0,0,1,0,0,4,0,0,1,2,0,0,0,0,0,2,0
312,MCL,2,4,1,0.5,1,1,3,3,0,3,0,1,0,2,0,2,0,0,0,3,2,0,0,4,0,0,0,0,0,3,3,0,0,0,0,0,0,0,0,2,0,0,0,1,0,0,0,0,0,2,0
313,MCL,2,4,1,0.25,1,1,3,2,0,3,0,0,0,3,0,2,0,0,0,3,2,0,0,3,0,0,0,0,0,3,0,0,0,0,0,0,0,0,0,0,0,0,0,0,0,0,0,0,0,0,0
314,MCL,2,4,2,0.25,1,2,4,2,0,4,0,0,0,2,0,0,0,0,0,3,0,0,0,3,0,0,0,0,0,0,3,0,0,0,0,0,0,0,0,0,0,0,0,0,0,0,0,0,0,0,0
315,MCL,2,4,2,0.5,2,2,2,2,0,3,2,2,0,3,0,0,0,0,0,5,2,1,0,0,0,2,0,0,0,4,5,0,0,0,0,0,2,0,0,4,0,0,1,1,0,0,0,0,0,2,0
316,MCL,2,4,3,0.25,1,2,2,2,0,1,2,0,0,2,0,0,0,0,0,4,2,4,0,0,0,2,0,0,0,4,4,0,0,0,0,0,0,0,0,2,0,0,0,0,0,0,0,0,0,0,0
317,MCL,2,4,4,0.25,2,1,2,0,0,2,0,1,0,2,0,0,0,0,0,4,3,2,0,0,0,0,0,0,0,4,5,0,0,0,0,0,0,0,0,3,0,0,1,0,0,0,0,0,0,3,0
318,MCL,2,4,2,1,2,2,2,2,1,0,2,1,0,2,0,2,1,0,0,3,2,0,0,2,0,2,0,0,1,4,3,0,0,0,0,0,2,0,0,6,0,0,0,0,0,0,0,0,0,4,0
319,MCL,2,4,3,0.5,1,1,2,1,1,0,2,0,0,2,0,0,1,0,0,3,2,0,0,2,0,1,0,0,0,3,4,0,0,0,0,0,0,0,0,6,0,0,0,0,0,0,0,0,0,4,0
320,MCL,2,4,5,0.25,1,1,0,0,0,0,0,0,0,2,0,0,1,0,0,3,2,0,0,2,0,0,0,0,0,3,4,0,0,0,0,0,0,0,0,5,0,0,0,0,0,0,0,0,0,3,0
321,MCL,2,4,6,0.25,1,2,1,1,1,0,2,0,0,2,0,0,0,0,0,3,1,0,0,0,0,1,0,0,0,3,3,0,0,0,0,0,0,0,0,5,0,0,0,0,0,0,0,0,0,3,0
322,MCL,2,4,4,0.5,2,2,2,1,0,0,1,0,0,2,0,0,0,0,0,3,0,0,0,2,0,1,0,0,2,3,4,0,0,0,0,0,1,0,0,5,0,0,0,0,0,0,0,0,0,4,0
323,MCL,2,4,7,0.25,1,2,2,1,0,0,1,0,0,2,0,0,0,0,0,4,1,0,0,2,0,2,0,0,2,3,3,0,0,0,0,0,1,0,0,4,0,0,0,0,0,0,0,0,0,3,0
324,MCL,2,4,8,0.25,2,2,1,0,0,0,1,0,0,2,0,0,0,0,0,2,0,0,0,0,0,1,0,0,0,3,3,0,0,0,0,0,0,0,0,6,0,0,0,0,0,0,0,0,0,3,0
325,MCL,2,4,1,4,1,2,0,0,0,0,0,0,0,0,0,0,0,0,0,0,0,0,0,0,0,0,0,0,0,0,0,1,0,0,0,0,0,0,0,0,0,0,0,0,0,0,0,0,0,0,0
326,MCL,2,3,1,2,2,3,0,0,0,0,0,0,0,0,0,0,0,0,0,0,0,0,0,0,0,0,0,0,0,0,0,0,0,0,0,0,0,0,0,0,0,0,0,0,0,0,0,0,0,0,1
327,MCL,2,3,1,1,1,1,2,4,2,1,2,1,0,3,3,0,0,0,0,3,2,0,0,4,0,0,0,0,0,3,5,0,0,0,0,0,2,0,0,4,0,0,0,1,0,0,0,0,0,4,0
328,MCL,2,3,1,0.5,2,1,3,4,0,0,1,0,0,3,0,0,0,0,0,3,2,0,0,4,0,0,0,0,0,3,3,0,0,0,0,0,0,0,0,4,0,0,0,1,0,0,0,0,0,3,0
329,MCL,2,3,1,0.25,1,1,1,2,0,0,1,0,0,1,0,0,0,0,0,3,2,0,0,4,0,0,0,0,0,3,3,0,0,0,0,0,0,0,0,3,0,0,0,1,0,0,0,0,0,3,0
330,MCL,2,3,2,0.25,1,2,0,2,0,0,0,0,0,2,0,0,0,0,0,2,2,0,0,3,0,0,0,0,0,2,3,0,0,0,0,0,0,0,0,4,0,0,0,0,0,0,0,0,0,2,0
331,MCL,2,3,2,0.5,2,2,2,2,0,0,2,0,0,3,2,0,0,0,0,3,2,0,0,4,0,0,0,0,0,0,4,0,0,0,0,0,0,0,0,4,0,0,0,0,0,0,0,0,0,3,0
332,MCL,2,3,3,0.25,1,1,1,2,0,0,2,0,0,2,0,0,0,0,0,3,1,0,0,5,0,0,0,0,0,0,5,0,0,0,0,0,0,0,0,4,0,0,0,0,0,0,0,0,0,2,0
333,MCL,2,3,4,0.25,1,2,2,2,0,0,1,0,0,2,2,0,0,0,0,2,1,0,0,4,0,0,0,0,0,2,3,0,0,0,0,0,0,0,0,2,0,0,0,0,0,0,0,0,0,4,0
334,MCL,2,3,2,1,2,1,2,3,0,0,2,2,0,3,3,0,0,0,0,2,2,0,0,4,0,3,0,1,0,3,5,0,0,0,0,0,0,0,0,4,0,0,0,2,0,0,0,0,0,3,0
335,MCL,2,3,3,0.5,1,1,0,2,0,0,2,1,0,3,3,0,0,0,0,3,2,0,0,4,0,1,0,0,0,2,4,0,0,0,0,0,0,0,0,4,0,0,0,3,0,0,0,0,0,2,0
336,MCL,2,3,5,0.25,2,1,0,0,0,0,2,0,0,3,4,0,0,0,0,2,1,0,0,4,0,1,0,0,0,0,5,0,0,0,0,0,0,0,0,4,0,0,0,3,0,0,0,0,0,2,0
337,MCL,2,3,6,0.25,1,2,0,3,0,0,2,1,0,2,2,0,0,0,0,2,2,0,0,3,0,0,0,0,0,3,4,0,0,0,0,0,0,0,0,3,0,0,0,0,0,0,0,0,0,1,0
338,MCL,2,3,4,0.5,1,2,1,3,0,0,2,1,0,2,2,0,0,0,0,2,2,0,0,3,0,3,0,1,0,3,5,0,0,0,0,0,0,0,0,4,0,0,0,2,0,0,0,0,0,3,0
339,MCL,2,3,7,0.25,2,1,1,3,0,0,2,1,0,3,2,0,0,0,0,2,2,0,0,3,0,3,0,0,0,3,4,0,0,0,0,0,0,0,0,2,0,0,0,2,0,0,0,0,0,2,0
340,MCL,2,3,8,0.25,2,2,0,2,0,0,0,0,0,2,0,0,0,0,0,2,3,0,0,3,0,2,0,0,0,0,4,0,0,0,0,0,0,0,0,3,0,0,0,0,0,0,0,0,0,2,0
341,MCL,2,2,1,2,1,2,0,0,0,0,0,0,0,0,1,0,0,0,0,0,0,0,0,0,0,0,0,0,0,0,0,0,0,0,0,1,0,0,0,0,0,0,0,1,1,0,0,0,0,0,0
342,MCL,2,2,1,1,1,2,2,3,2,1,3,2,0,3,0,2,2,0,0,2,2,0,0,3,0,0,0,0,0,3,4,0,0,0,0,0,2,0,0,5,0,0,0,0,0,0,0,0,0,3,0
343,MCL,2,2,1,0.5,1,1,2,3,2,0,3,2,0,3,0,2,0,0,0,2,2,0,0,3,0,0,0,0,0,3,4,0,0,0,0,0,2,0,0,4,0,0,0,0,0,0,0,0,0,3,0
344,MCL,2,2,1,0.25,1,2,1,3,0,0,2,1,0,1,0,2,0,0,0,2,2,0,0,3,0,0,0,0,0,2,3,0,0,0,0,0,0,0,0,3,0,0,0,0,0,0,0,0,0,2,0
345,MCL,2,2,2,0.25,2,2,0,3,2,0,3,1,0,3,0,2,0,0,0,3,2,0,0,2,0,0,0,0,0,2,2,0,0,0,0,0,2,0,0,4,0,0,0,0,0,0,0,0,0,2,0
346,MCL,2,2,2,0.5,2,1,0,3,0,0,2,1,0,3,0,2,2,0,0,3,2,0,0,2,0,0,0,0,0,3,5,0,0,0,0,0,3,0,0,3,0,0,0,0,0,0,0,0,0,1,0
347,MCL,2,2,3,0.25,1,1,0,2,0,0,2,1,0,3,0,1,1,0,0,2,1,0,0,3,0,0,0,0,0,3,4,0,0,0,0,0,1,0,0,3,0,0,0,0,0,0,0,0,0,2,0
348,MCL,2,2,4,0.25,1,2,2,2,0,0,2,0,0,3,0,2,0,0,0,3,2,0,0,2,0,0,0,0,0,3,4,0,0,0,0,0,0,0,0,0,0,0,0,0,0,0,0,0,0,0,0
349,MCL,2,2,2,1,2,2,2,3,0,1,2,2,0,3,0,2,2,0,0,3,2,0,0,2,0,0,0,0,2,3,4,0,3,0,0,0,2,3,0,0,0,0,0,0,0,0,0,0,0,3,0
350,MCL,2,2,3,0.5,2,1,2,2,0,0,3,1,0,3,0,2,0,0,0,3,2,0,0,1,0,0,0,0,0,4,3,0,2,0,0,0,1,0,0,2,0,0,0,0,0,0,0,0,0,3,0
351,MCL,2,2,5,0.25,1,1,2,2,0,0,2,0,0,3,0,1,0,0,0,3,1,0,0,1,0,0,0,0,0,3,3,0,0,0,0,0,0,2,0,0,0,0,0,0,0,0,0,0,0,2,0
352,MCL,2,2,6,0.25,1,2,1,2,0,0,3,0,0,2,0,1,0,0,0,3,1,0,0,2,0,0,0,0,2,3,3,0,3,0,0,0,0,2,0,3,0,0,0,0,0,0,0,0,0,2,0
353,MCL,2,2,4,0.5,2,2,1,3,0,0,2,2,0,3,0,2,0,0,0,2,2,0,0,2,0,0,0,0,0,2,3,0,3,0,0,0,0,0,0,3,0,0,0,0,0,0,0,0,0,4,0
354,MCL,2,2,7,0.25,2,1,0,2,0,0,2,1,0,3,0,2,0,0,0,3,2,0,0,3,0,0,0,0,2,2,2,0,0,0,0,0,0,0,0,0,0,0,0,0,0,0,0,0,0,3,0
355,MCL,2,2,8,0.25,2,2,0,2,0,0,2,0,0,2,0,1,0,0,0,2,1,0,0,1,0,0,0,0,0,2,2,0,0,0,0,0,0,2,0,0,0,0,0,0,0,0,0,0,0,3,0
356,MCL,2,2,1,4,1,1,0,0,0,0,0,0,0,0,0,0,0,0,0,0,0,0,0,0,0,0,0,0,0,0,0,0,0,0,0,0,0,0,0,0,0,0,0,0,0,0,0,0,0,0,1
357,MCL,2,1,1,2,2,1,0,0,0,0,0,0,0,0,0,0,0,0,0,0,0,0,0,0,0,0,0,0,0,0,0,0,0,0,0,0,0,0,0,0,0,0,0,0,0,0,0,0,0,0,0
358,MCL,2,1,1,1,2,1,0,3,2,0,4,2,0,3,0,2,1,0,0,2,2,2,0,4,0,2,2,0,3,3,4,3,0,1,0,0,1,3,0,3,0,0,0,0,0,0,0,0,0,4,0
359,MCL,2,1,1,0.5,1,1,0,4,1,0,4,0,0,3,0,3,1,0,0,2,2,1,0,4,0,3,1,0,3,3,4,3,0,0,0,0,1,3,0,2,0,0,0,0,0,0,0,0,0,2,0
360,MCL,2,1,1,0.25,1,1,0,3,1,0,3,0,0,2,0,3,0,0,0,0,2,0,0,4,0,2,0,0,2,0,3,1,0,0,0,0,0,2,0,2,0,0,0,0,0,0,0,0,0,1,0
361,MCL,2,1,2,0.25,2,2,0,3,0,0,3,0,0,2,0,0,0,0,0,1,2,1,0,3,0,3,1,0,0,2,3,0,0,0,0,0,2,2,0,2,0,0,0,0,0,0,0,0,0,3,0
362,MCL,2,1,2,0.5,2,1,0,3,1,0,3,1,0,3,0,2,1,0,0,1,2,1,0,2,0,3,0,0,3,2,4,3,0,1,0,0,0,2,0,2,0,0,0,0,0,0,0,0,0,4,0
363,MCL,2,1,3,0.25,1,2,0,3,0,0,3,0,0,2,0,0,1,0,0,1,2,1,0,2,0,2,0,0,2,2,4,1,0,0,0,0,0,3,0,2,0,0,0,0,0,0,0,0,0,3,0
364,MCL,2,1,4,0.25,2,1,0,2,0,0,2,1,0,2,0,1,0,0,0,0,1,0,0,2,0,3,0,0,3,2,4,1,0,1,0,0,0,2,0,2,0,0,0,0,0,0,0,0,0,4,0
365,MCL,2,1,2,1,2,2,2,3,1,0,4,2,0,2,2,2,0,0,0,2,2,1,0,4,0,0,2,0,0,3,4,2,0,0,0,1,0,3,0,4,0,0,0,0,0,0,0,0,0,4,0
366,MCL,2,1,4,0.5,1,1,0,3,0,0,3,2,0,2,2,0,0,0,0,2,2,1,0,3,0,0,2,0,0,2,3,0,0,0,0,1,0,3,0,3,0,0,0,0,0,0,0,0,0,4,0
367,MCL,2,1,5,0.25,2,1,0,2,0,0,4,0,0,2,0,0,0,0,0,2,2,0,0,3,0,0,2,0,0,0,3,0,0,0,0,0,0,3,0,2,0,0,0,0,0,0,0,0,0,3,0
368,MCL,2,1,6,0.25,2,2,0,2,0,0,4,1,0,2,0,0,0,0,0,2,2,0,0,4,0,0,2,0,0,3,4,0,0,0,0,0,0,1,0,3,0,0,0,0,0,0,0,0,0,3,0
369,MCL,2,1,3,0.5,2,1,0,3,0,0,3,1,0,2,1,0,0,0,0,2,2,0,0,4,0,0,2,0,0,3,4,2,0,0,0,0,0,3,0,2,0,0,0,0,0,0,0,0,0,4,0
370,MCL,2,1,7,0.25,1,2,0,1,0,0,4,3,0,2,2,0,0,0,0,2,2,0,0,4,0,0,2,0,0,2,3,0,0,0,0,0,0,2,0,3,0,0,0,0,0,0,0,0,0,3,0
371,MCL,2,1,8,0.25,2,1,0,2,0,0,3,1,0,3,2,0,0,0,0,2,2,0,0,2,0,0,0,0,0,2,2,0,0,0,0,0,0,3,0,2,0,0,0,0,0,0,0,0,0,3,0
372,MCL,1,8,1,2,4,4,0,0,0,0,0,1,0,0,0,0,0,0,0,0,0,0,0,0,0,0,0,0,0,0,0,0,0,0,0,0,0,0,0,0,0,0,0,1,0,0,0,0,0,0,0
373,MCL,1,8,1,1,1,2,4,4,2,0,0,0,0,2,0,0,0,0,0,2,2,2,0,5,0,3,0,0,3,4,3,0,0,0,0,0,2,3,0,2,0,0,0,0,0,0,1,0,0,2,0
374,MCL,1,8,1,0.5,1,1,3,4,2,0,0,0,0,3,0,0,1,0,0,2,2,2,0,4,0,3,0,0,3,3,2,0,0,0,0,0,0,3,0,2,0,0,0,0,0,0,0,0,0,2,0
375,MCL,1,8,1,0.25,1,2,3,4,2,0,0,0,0,3,0,0,0,0,0,2,2,2,0,3,0,2,0,0,0,0,3,0,0,0,0,0,0,2,0,0,0,0,0,0,0,0,0,0,0,2,0
376,MCL,1,8,2,0.25,2,2,3,4,2,0,0,0,0,3,0,0,1,0,0,2,2,2,0,3,0,4,0,0,2,1,2,0,0,0,0,0,0,2,0,2,0,0,0,0,0,0,0,0,0,1,0
377,MCL,1,8,2,0.5,2,1,3,4,2,0,0,0,0,2,0,0,0,0,0,1,2,0,0,5,0,2,0,0,2,3,2,0,0,0,0,0,0,2,0,2,0,0,0,0,0,0,0,0,0,2,0
378,MCL,1,8,3,0.25,1,1,3,4,0,0,1,0,0,2,0,0,0,0,0,0,0,0,0,4,0,0,0,0,2,2,2,0,0,0,0,0,0,2,0,2,0,0,0,0,0,0,0,0,0,1,0
379,MCL,1,8,4,0.25,2,2,4,3,3,0,0,0,0,2,0,0,0,0,0,0,2,0,0,3,0,2,0,0,0,4,0,0,0,0,0,0,0,2,0,0,0,0,0,0,0,0,0,0,0,1,0
380,MCL,1,8,2,1,2,2,4,4,3,0,0,0,0,2,2,0,0,0,0,0,2,0,0,5,0,2,0,0,0,4,3,0,0,0,0,0,0,2,0,2,0,1,0,0,0,0,0,0,0,3,0
381,MCL,1,8,4,0.5,1,2,3,3,0,0,0,0,0,2,0,0,0,0,0,1,0,0,0,5,0,2,0,0,0,3,2,0,0,0,0,0,0,2,0,1,0,1,0,0,0,0,0,0,0,2,0
382,MCL,1,8,5,0.25,1,2,3,2,0,0,0,0,0,2,0,0,0,0,0,0,2,0,0,4,0,2,0,0,0,3,2,0,0,0,0,0,0,2,0,1,0,0,0,0,0,0,0,0,0,0,0
383,MCL,1,8,6,0.25,2,1,3,3,2,0,0,0,0,3,0,0,0,0,0,0,2,0,0,3,0,1,0,0,0,3,2,0,0,0,0,0,0,2,0,0,0,0,0,0,0,0,0,0,0,2,0
384,MCL,1,8,3,0.5,2,1,3,4,0,0,2,0,0,2,1,0,0,0,0,2,2,0,0,5,0,2,0,0,0,3,2,0,0,0,0,0,2,2,0,0,0,0,0,0,0,0,0,0,0,3,0
385,MCL,1,8,7,0.25,1,2,4,4,0,0,1,0,0,1,2,0,0,0,0,1,2,0,0,4,0,2,0,0,0,3,2,0,0,0,0,0,1,2,0,0,0,0,0,0,0,0,0,0,0,2,0
386,MCL,1,8,8,0.25,2,1,1,3,0,0,1,0,0,2,0,0,0,0,0,1,2,0,0,5,0,0,0,0,0,2,2,0,0,0,0,0,1,2,0,0,0,0,0,0,0,0,0,0,0,1,0
387,MCL,1,8,4,4,2,2,0,0,0,0,0,0,0,0,0,0,0,0,0,0,0,0,0,0,0,0,0,0,0,0,0,0,0,0,0,0,0,0,0,0,0,0,0,0,0,0,0,0,0,0,1
388,MCL,1,7,1,2,3,3,0,0,0,0,0,0,0,0,0,0,0,0,0,0,0,0,0,0,0,0,0,0,0,0,0,0,0,0,0,0,0,0,0,0,0,1,0,0,0,0,0,0,0,0,0
389,MCL,1,7,1,1,1,2,0,4,2,0,2,2,0,2,0,0,0,0,1,1,2,0,0,3,0,1,0,0,3,3,2,3,0,0,0,0,2,3,0,3,3,0,0,2,0,0,0,0,0,4,1
390,MCL,1,7,1,0.5,1,1,0,4,1,0,2,2,0,2,0,0,0,0,0,1,2,0,0,3,0,0,0,0,3,3,2,3,0,0,0,0,2,3,0,2,3,0,0,2,0,0,0,0,0,4,0
391,MCL,1,7,1,0.25,1,1,0,3,3,0,3,1,0,1,0,0,0,0,0,0,2,0,0,0,0,0,0,0,1,2,1,2,0,0,0,0,2,2,0,0,2,0,0,1,0,0,0,0,0,3,0
392,MCL,1,7,2,0.25,2,2,0,3,0,0,3,1,0,3,0,0,0,0,0,1,1,0,0,2,0,0,0,0,0,2,1,3,0,0,0,0,0,2,0,3,0,0,0,3,0,0,0,0,0,2,0
393,MCL,1,7,2,0.5,1,2,0,3,2,0,3,0,0,2,0,0,0,0,2,0,2,0,0,3,0,1,0,0,0,3,1,3,0,0,0,0,2,3,0,3,3,0,0,1,0,0,0,0,0,4,1
394,MCL,1,7,3,0.25,1,1,0,3,2,0,4,0,0,1,0,0,0,0,0,0,2,0,0,0,0,1,0,0,0,2,0,3,0,0,0,0,2,2,0,0,4,0,0,0,0,0,0,0,0,4,1
395,MCL,1,7,4,0.25,1,2,0,4,0,0,3,0,0,2,0,0,0,0,1,0,2,0,0,2,0,0,0,0,0,2,0,2,0,0,0,0,1,2,0,4,2,0,0,0,0,0,0,0,0,2,0
396,MCL,1,7,2,1,2,1,2,4,3,0,2,2,0,2,0,0,0,0,0,2,2,2,0,3,0,0,0,0,5,4,2,2,0,0,0,0,2,4,0,2,4,0,0,2,1,0,0,0,0,3,0
397,MCL,1,7,4,0.5,2,1,1,4,3,0,2,1,0,2,0,0,0,0,0,2,2,2,0,2,0,0,0,0,3,2,0,0,0,0,0,0,0,2,0,3,3,0,0,0,0,0,0,0,0,4,0
398,MCL,1,7,5,0.25,1,1,0,4,1,0,3,1,0,2,0,0,0,0,0,2,2,2,0,2,0,0,0,0,3,2,0,0,0,0,0,0,0,2,0,0,3,0,0,0,0,0,0,0,0,3,0
399,MCL,1,7,6,0.25,2,1,2,3,3,0,2,0,0,0,0,0,0,0,0,0,2,2,0,0,0,0,0,0,3,0,0,0,0,0,0,0,0,0,0,0,4,0,0,0,0,0,0,0,0,4,0
400,MCL,1,7,3,0.5,2,2,0,4,3,0,3,0,0,1,0,0,0,0,0,1,2,1,0,2,0,0,0,0,4,3,1,2,0,0,0,0,2,3,0,3,4,0,0,1,1,0,0,0,0,3,0
401,MCL,1,7,7,0.25,1,2,0,4,3,0,2,0,0,0,0,0,0,0,0,1,2,2,0,2,0,0,0,0,5,2,1,1,0,0,0,0,2,2,0,1,3,0,0,0,2,0,0,0,0,2,0
402,MCL,1,7,8,0.25,2,2,0,3,4,0,2,0,0,1,0,0,0,0,0,1,1,0,0,3,0,0,0,0,2,3,1,2,0,0,0,0,1,3,0,3,3,0,0,0,0,0,0,0,0,3,0
403,MCL,1,6,1,2,3,2,0,0,0,0,0,0,0,0,0,0,0,0,0,0,0,0,0,0,0,0,0,0,0,0,0,0,0,0,0,0,0,0,0,0,0,0,0,0,1,0,0,0,0,0,0
404,MCL,1,6,1,1,1,2,2,4,3,0,2,2,0,2,0,3,0,0,1,2,2,2,0,4,0,2,0,0,2,3,2,2,0,0,0,0,0,3,0,1,5,0,0,1,0,0,0,0,0,3,0
405,MCL,1,6,1,0.5,1,2,2,4,3,0,2,3,0,2,0,3,0,0,1,0,2,2,0,3,0,0,0,0,0,3,2,3,0,0,0,0,0,3,0,2,4,0,0,1,0,0,0,0,0,3,0
406,MCL,1,6,1,0.25,1,1,0,3,1,0,0,3,0,2,0,2,0,0,0,0,1,2,0,3,0,0,0,0,0,3,0,2,0,0,0,0,0,2,0,2,4,0,0,0,0,0,0,0,0,2,0
407,MCL,1,6,2,0.25,2,1,0,4,2,0,2,2,0,0,0,3,0,0,1,0,2,2,0,4,0,0,0,0,0,3,0,2,0,0,0,0,0,2,0,3,4,0,0,0,0,0,0,0,0,2,0
408,MCL,1,6,2,0.5,2,2,2,4,2,0,2,2,0,1,0,2,0,0,0,2,2,0,0,3,0,2,0,0,0,1,2,0,0,0,0,0,0,3,0,0,5,0,0,1,0,0,0,0,0,3,0
409,MCL,1,6,3,0.25,2,1,2,3,2,0,0,2,0,0,0,0,0,0,0,2,2,2,0,3,0,0,0,0,2,0,2,0,0,0,0,0,0,3,0,0,5,0,0,0,0,0,0,0,0,2,0
410,MCL,1,6,4,0.25,2,2,2,4,2,0,2,2,0,2,0,0,0,0,0,0,2,0,0,2,0,1,0,0,0,0,2,0,0,0,0,0,0,2,0,0,5,0,0,1,0,0,0,0,0,2,0
411,MCL,1,6,2,1,2,2,2,4,2,1,2,2,0,2,0,2,0,0,1,1,2,2,0,4,0,0,0,0,3,3,2,2,0,0,0,0,0,3,0,0,5,0,0,0,0,0,0,0,0,3,0
412,MCL,1,6,4,0.5,2,1,2,3,2,1,2,2,0,2,0,2,0,0,1,1,2,2,0,3,0,0,0,0,3,3,3,2,0,0,0,0,0,3,0,0,4,0,0,0,0,0,0,0,0,2,0
413,MCL,1,6,5,0.25,1,1,2,3,2,1,2,1,0,2,0,0,0,0,1,0,1,2,0,2,0,0,0,0,2,3,3,0,0,0,0,0,0,2,0,0,4,0,0,0,0,0,0,0,0,0,0
414,MCL,1,6,6,0.25,1,2,0,4,2,0,0,1,0,0,0,0,0,0,0,1,2,2,0,3,0,0,0,0,3,2,1,0,0,0,0,0,0,2,0,0,4,0,0,0,0,0,0,0,0,0,0
415,MCL,1,6,3,0.5,2,2,0,4,2,0,2,2,0,2,0,2,0,0,0,1,2,2,0,3,0,0,0,0,2,2,1,1,0,0,0,0,0,2,0,0,4,0,0,0,0,0,0,0,0,2,0
416,MCL,1,6,7,0.25,1,1,0,4,2,0,2,2,0,2,0,2,0,0,0,0,1,0,0,3,0,0,0,0,0,2,2,0,0,0,0,0,0,2,0,0,4,0,0,0,0,0,0,0,0,0,0
417,MCL,1,6,8,0.25,1,2,0,4,0,0,2,1,0,0,0,0,0,0,0,1,1,2,0,3,0,0,0,0,0,3,0,0,0,0,0,0,0,2,0,0,4,0,0,0,0,0,0,0,0,1,0
418,MCL,1,6,3,4,2,1,0,0,0,0,0,0,0,0,0,0,0,0,0,0,0,0,0,0,0,0,0,0,0,0,0,0,0,0,0,0,0,0,0,0,0,0,0,0,0,0,0,0,0,0,0
419,MCL,1,5,1,2,4,1,0,0,0,0,0,0,0,0,0,0,0,0,0,0,0,0,0,0,0,0,0,0,0,0,0,0,0,0,0,0,0,0,0,0,0,0,0,0,1,0,0,0,0,0,1
420,MCL,1,5,1,1,1,2,2,4,2,1,0,0,0,3,0,2,0,0,0,2,2,0,0,3,0,0,0,0,3,3,2,3,0,0,0,0,0,3,0,0,5,0,0,0,0,0,2,0,0,5,0
421,MCL,1,5,1,0.5,1,2,2,5,2,0,0,0,0,2,0,2,0,0,0,2,0,0,0,3,0,0,0,0,2,2,2,2,0,0,0,0,0,3,0,0,6,0,0,0,0,0,0,0,0,5,0
422,MCL,1,5,1,0.25,1,1,2,4,1,0,0,0,0,2,0,0,0,0,0,0,0,0,0,3,0,0,0,0,0,0,0,0,0,0,0,0,0,2,0,0,6,0,0,0,0,0,0,0,0,4,0
423,MCL,1,5,2,0.25,1,2,2,3,1,0,0,0,0,0,0,2,0,0,0,0,0,0,0,3,0,0,0,0,2,2,2,3,0,0,0,0,0,2,0,0,4,0,0,0,0,0,0,0,0,3,0
424,MCL,1,5,2,0.5,2,2,2,5,2,1,0,0,0,2,0,0,0,0,0,0,1,0,0,2,0,0,0,0,2,2,2,3,0,0,0,0,0,3,0,0,5,0,0,0,0,0,1,0,0,4,0
425,MCL,1,5,3,0.25,2,1,2,5,1,1,0,0,0,1,0,0,0,0,0,0,0,0,0,3,0,0,0,0,0,2,0,4,0,0,0,0,0,4,0,0,6,0,0,0,0,0,0,0,0,0,0
426,MCL,1,5,4,0.25,2,2,2,5,2,0,0,0,0,2,0,0,0,0,0,0,0,0,0,2,0,0,0,0,0,2,2,2,0,0,0,0,0,2,0,0,6,0,0,0,0,0,2,0,0,3,0
427,MCL,1,5,2,1,2,2,3,4,2,0,3,0,0,2,0,2,0,0,0,2,2,2,0,4,0,0,0,0,0,3,2,5,0,0,0,0,0,4,0,0,4,0,0,0,0,0,0,0,0,3,0
428,MCL,1,5,4,0.5,1,2,3,4,1,0,2,0,0,2,0,0,0,0,0,1,2,2,0,3,0,0,0,0,0,3,2,4,0,0,0,0,0,3,0,0,4,0,0,0,0,0,0,0,0,4,0
429,MCL,1,5,5,0.25,1,1,2,4,2,0,0,0,0,2,0,0,0,0,0,1,2,1,0,2,0,0,0,0,0,2,1,3,0,0,0,0,0,4,0,0,3,0,0,0,0,0,0,0,0,3,0
430,MCL,1,5,6,0.25,1,2,3,4,1,0,0,0,0,1,0,0,0,0,0,0,2,2,0,3,0,0,0,0,0,2,1,4,0,0,0,0,0,3,0,0,4,0,0,0,0,0,0,0,0,2,0
431,MCL,1,5,3,0.5,2,1,3,5,0,0,3,0,0,2,0,1,0,0,0,1,2,0,0,4,0,0,0,0,0,3,2,5,0,0,0,0,0,2,0,0,3,0,0,0,0,0,0,0,0,3,0
432,MCL,1,5,7,0.25,1,2,2,4,0,0,0,0,0,2,0,0,0,0,0,0,2,0,0,4,0,0,0,0,0,3,2,4,0,0,0,0,0,2,0,0,4,0,0,0,0,0,0,0,0,1,0
433,MCL,1,5,8,0.25,2,2,3,4,0,0,0,0,0,0,0,1,0,0,0,0,2,0,0,5,0,0,0,0,0,4,2,4,0,0,0,0,0,2,0,0,4,0,0,0,0,0,0,0,0,2,0
434,MCL,1,4,1,2,1,4,0,0,0,0,0,0,0,0,0,0,0,0,0,0,0,0,0,0,1,0,0,0,0,0,0,0,0,0,0,0,0,0,0,0,0,0,0,0,1,0,0,0,0,0,0
435,MCL,1,4,1,1,1,2,1,5,1,1,5,2,0,1,0,3,0,0,0,2,2,2,0,3,0,2,0,0,3,3,3,2,0,0,0,0,0,2,0,0,2,0,0,1,0,0,0,0,0,4,0
436,MCL,1,4,1,0.5,1,1,2,3,2,0,5,2,0,1,0,3,0,0,0,2,2,0,0,3,0,0,0,0,4,3,3,2,0,0,0,0,0,2,0,0,0,0,0,2,0,0,0,0,0,4,0
437,MCL,1,4,1,0.25,1,1,1,2,3,0,5,1,0,0,0,0,0,0,0,0,1,0,0,0,0,0,0,0,2,3,0,2,0,0,0,0,0,2,0,0,0,0,0,0,0,0,0,0,0,3,0
438,MCL,1,4,2,0.25,1,2,0,3,3,0,4,1,0,1,0,3,0,0,0,2,1,0,0,3,0,0,0,0,3,0,3,2,0,0,0,0,0,2,0,0,0,0,0,0,0,0,0,0,0,4,0
439,MCL,1,4,2,0.5,2,2,0,4,1,0,5,2,0,0,0,4,0,0,0,2,0,0,0,2,0,3,0,0,2,2,2,2,0,0,0,0,0,2,0,0,0,0,0,0,0,0,0,0,0,3,0
440,MCL,1,4,3,0.25,1,2,0,0,0,0,5,0,0,0,0,4,0,0,0,2,2,0,0,2,0,3,0,0,3,2,2,2,0,0,0,0,0,2,0,0,0,0,0,0,0,0,0,0,0,2,0
441,MCL,1,4,4,0.25,2,1,0,3,0,0,5,0,0,0,0,5,0,0,0,2,1,0,0,3,0,1,0,0,2,2,3,1,0,0,0,0,0,0,0,0,0,0,0,0,0,0,0,0,0,1,0
442,MCL,1,4,2,1,2,2,2,4,2,0,4,2,0,2,0,3,0,0,0,2,2,1,0,3,0,0,0,1,3,3,3,1,0,0,0,0,0,2,2,0,3,0,0,2,0,0,0,0,0,4,0
443,MCL,1,4,4,0.5,1,1,2,4,0,0,4,2,0,1,0,2,0,0,0,2,2,1,0,4,0,0,0,1,2,3,4,1,0,0,0,0,0,2,0,0,3,0,0,0,0,0,0,0,0,1,0
444,MCL,1,4,5,0.25,1,1,2,3,0,0,3,2,0,0,0,2,0,0,0,2,2,1,0,5,0,0,0,0,3,3,5,0,0,0,0,0,0,2,0,0,2,0,0,0,0,0,0,0,0,0,0
445,MCL,1,4,6,0.25,1,2,0,4,0,0,4,2,0,0,0,3,0,0,0,2,2,0,0,5,0,0,0,0,3,4,5,0,0,0,0,0,0,2,0,0,0,0,0,0,0,0,0,0,0,0,0
446,MCL,1,4,3,0.5,2,2,1,4,0,0,4,2,0,0,0,3,0,0,0,2,2,1,0,2,0,0,0,0,2,3,2,1,0,0,0,0,0,2,2,0,0,0,0,0,0,0,0,0,0,5,0
447,MCL,1,4,7,0.25,1,2,0,4,0,0,5,2,0,0,0,3,0,0,0,2,1,1,0,3,0,0,0,0,0,2,3,2,0,0,0,0,0,0,2,0,0,0,0,0,0,0,0,0,0,2,0
448,MCL,1,4,8,0.25,2,2,0,4,0,0,3,0,0,0,0,2,0,0,0,2,1,0,0,3,0,0,0,0,0,2,3,0,0,0,0,0,0,2,2,0,0,0,0,0,0,0,0,0,0,5,0
449,MCL,1,4,2,4,1,2,0,0,0,0,0,0,0,0,0,0,0,0,0,0,0,0,0,0,0,0,0,0,0,0,0,0,0,0,0,0,0,0,0,0,0,0,0,0,0,1,0,0,0,0,1
450,MCL,1,3,1,2,2,3,0,0,0,1,0,0,0,0,0,0,0,0,0,0,0,0,0,0,0,0,0,0,0,0,0,0,0,0,0,0,0,0,0,0,0,1,0,0,0,0,0,0,0,0,0
451,MCL,1,3,1,1,1,1,2,3,1,0,3,3,0,0,0,2,0,0,0,2,2,0,0,4,0,0,0,0,2,4,2,2,0,1,0,0,0,4,0,2,4,0,0,0,1,0,1,0,0,6,2
452,MCL,1,3,1,0.5,2,1,0,2,0,0,3,3,0,0,0,2,0,0,0,2,3,0,0,5,0,0,0,0,0,2,0,3,0,0,0,0,0,3,0,2,3,0,0,0,2,0,0,0,0,5,2
453,MCL,1,3,1,0.25,1,1,0,2,0,0,4,3,0,0,0,2,0,0,0,2,2,0,0,3,0,0,0,0,0,2,0,3,0,0,0,0,0,2,0,0,3,0,0,0,0,0,0,0,0,4,0
454,MCL,1,3,2,0.25,1,2,0,2,0,0,3,2,0,0,0,2,0,0,0,0,2,0,0,4,0,0,0,0,0,2,0,3,0,0,0,0,0,2,0,2,3,0,0,0,2,0,0,0,0,5,0
455,MCL,1,3,2,0.5,2,2,2,2,0,0,3,2,0,0,0,3,0,0,0,2,3,0,0,5,0,0,0,0,2,3,2,2,0,0,0,0,0,4,0,0,4,0,0,0,0,0,0,0,0,5,1
456,MCL,1,3,3,0.25,1,1,3,2,0,0,3,0,0,0,0,0,0,0,0,2,2,0,0,3,0,0,0,0,2,0,0,1,0,0,0,0,0,4,0,0,4,0,0,0,0,0,0,0,0,5,2
457,MCL,1,3,4,0.25,1,2,0,1,0,0,3,2,0,0,0,2,0,0,0,2,1,0,0,4,0,0,0,0,3,4,2,2,0,0,0,0,0,4,0,0,5,0,0,0,0,0,0,0,0,3,0
458,MCL,1,3,2,1,2,1,2,4,2,0,2,2,0,0,0,3,1,0,0,2,2,0,0,3,0,0,0,0,3,3,2,3,0,1,0,0,0,4,0,1,4,0,0,0,2,0,0,0,0,5,1
459,MCL,1,3,4,0.5,1,1,0,3,1,0,2,3,0,0,0,3,0,0,0,3,0,0,0,3,0,0,0,0,1,4,2,3,0,0,0,0,0,3,0,0,5,0,0,0,0,0,0,0,0,4,1
460,MCL,1,3,5,0.25,2,1,1,3,1,0,0,1,0,0,0,2,0,0,0,2,0,0,0,3,0,0,0,0,2,4,0,4,0,0,0,0,0,2,0,0,5,0,0,0,0,0,0,0,0,3,0
461,MCL,1,3,6,0.25,1,2,0,3,0,0,2,2,0,0,0,4,0,0,0,3,0,0,0,3,0,0,0,0,0,3,0,2,0,0,0,0,0,2,0,0,6,0,0,0,0,0,0,0,0,4,1
462,MCL,1,3,3,0.5,1,2,0,4,1,0,2,2,0,0,0,4,1,0,0,2,2,0,0,3,0,0,0,0,1,3,2,3,0,0,0,0,0,3,0,1,5,0,0,0,0,0,0,0,0,5,0
463,MCL,1,3,7,0.25,2,1,0,3,1,0,3,0,0,0,0,3,0,0,0,2,2,0,0,2,0,0,0,0,0,0,2,3,0,0,0,0,0,2,0,1,4,0,0,0,0,0,0,0,0,4,0
464,MCL,1,3,8,0.25,2,2,0,3,0,0,0,1,0,0,0,3,1,0,2,0,2,0,0,2,0,0,0,0,1,3,0,4,0,0,0,0,0,3,0,0,3,0,0,0,0,0,0,0,0,4,0
465,MCL,1,2,1,2,1,2,0,0,0,0,0,0,0,0,0,0,0,0,0,0,0,0,0,0,0,1,0,0,0,0,0,0,0,0,0,0,0,0,0,0,0,0,0,0,0,0,0,0,0,0,0
466,MCL,1,2,1,1,1,2,2,5,2,0,3,2,0,2,0,3,0,0,0,2,2,0,2,5,0,0,0,0,4,2,0,2,0,1,0,0,0,3,2,2,3,0,0,0,3,0,0,0,0,4,2
467,MCL,1,2,1,0.5,1,1,2,5,0,0,3,2,0,2,0,2,0,0,0,0,2,0,2,3,0,0,0,0,4,3,0,2,0,1,0,0,0,2,2,1,3,0,0,0,2,0,0,0,0,4,1
468,MCL,1,2,1,0.25,1,2,1,3,0,0,0,1,0,0,0,1,0,0,0,0,2,0,2,3,0,0,0,0,5,0,0,0,0,1,0,0,0,2,2,0,2,0,0,0,2,0,0,0,0,4,2
469,MCL,1,2,2,0.25,2,2,2,4,0,0,2,1,0,0,0,2,0,0,0,0,1,0,0,4,0,0,0,0,4,2,0,0,0,0,0,0,0,2,2,0,2,0,0,0,0,0,0,0,0,3,0
470,MCL,1,2,2,0.5,2,1,2,5,2,0,2,2,0,0,0,3,0,0,0,1,2,0,0,4,0,0,0,0,5,2,0,2,0,0,0,0,0,3,2,0,3,0,0,0,2,0,0,0,0,4,3
471,MCL,1,2,3,0.25,1,1,2,4,0,0,0,2,0,0,0,1,0,0,0,0,0,0,0,3,0,0,0,0,6,2,0,2,0,0,0,0,0,2,2,0,3,0,0,0,0,0,0,0,0,5,2
472,MCL,1,2,4,0.25,1,2,2,4,2,0,3,2,0,0,0,2,0,0,0,1,1,0,0,5,0,0,0,0,5,2,0,1,0,0,0,0,0,3,2,0,4,0,0,0,0,0,0,0,0,2,0
473,MCL,1,2,2,1,2,2,2,4,2,0,3,2,0,1,0,2,0,0,0,1,3,0,0,5,0,0,0,0,4,3,0,3,0,0,0,0,0,2,2,1,4,1,0,0,2,0,0,0,0,4,2
474,MCL,1,2,4,0.5,2,1,2,3,2,0,2,2,0,1,0,2,0,0,0,0,2,0,0,5,0,0,0,0,2,4,0,2,0,0,0,0,0,3,0,0,4,0,0,0,0,0,0,0,0,5,0
475,MCL,1,2,5,0.25,1,1,3,3,1,0,0,2,0,0,0,2,0,0,0,0,2,0,0,4,0,0,0,0,3,4,0,0,0,0,0,0,0,2,0,0,3,0,0,0,0,0,0,0,0,4,0
476,MCL,1,2,6,0.25,1,2,2,2,2,0,0,2,0,1,0,2,0,0,0,0,2,0,0,4,0,0,0,0,0,4,0,0,0,0,0,0,0,2,0,0,5,0,0,0,0,0,0,0,0,5,0
477,MCL,1,2,3,0.5,2,2,2,3,0,0,2,2,0,1,0,0,0,0,0,1,3,0,0,4,0,0,0,0,2,3,0,3,0,0,0,0,0,2,2,1,3,1,0,0,0,0,0,0,0,5,1
478,MCL,1,2,7,0.25,2,2,0,3,0,0,0,2,0,0,0,0,0,0,0,0,0,0,0,5,0,0,0,0,0,4,0,3,0,0,0,0,0,2,2,0,3,0,0,0,0,0,0,0,0,5,0
479,MCL,1,2,8,0.25,2,1,0,3,0,0,0,2,0,0,0,0,0,0,0,0,3,0,0,5,0,0,0,0,0,2,0,0,0,0,0,0,0,2,2,0,3,0,0,0,2,0,0,0,0,3,0
480,MCL,1,2,1,4,1,1,0,0,0,0,0,0,0,0,0,0,1,0,0,0,0,0,0,0,0,0,0,0,0,0,0,0,0,0,0,0,0,0,0,0,0,0,0,0,0,0,0,0,0,0,0
481,MCL,1,1,1,2,2,1,0,0,0,0,0,0,1,0,0,0,0,0,0,0,0,0,0,0,0,0,0,0,0,0,0,0,0,0,0,0,0,0,1,0,0,0,0,0,0,0,0,0,0,0,0
482,MCL,1,1,1,1,2,1,2,3,2,0,2,1,0,3,0,3,0,0,0,2,2,0,0,4,0,0,0,0,0,2,3,2,2,0,0,0,0,4,0,0,4,0,0,0,3,0,1,0,0,5,0
483,MCL,1,1,1,0.5,1,1,2,3,1,0,2,2,0,3,0,2,0,0,0,0,1,0,0,2,0,0,0,0,0,3,3,2,0,0,0,0,0,4,0,0,3,0,0,0,3,0,1,0,0,5,0
484,MCL,1,1,1,0.25,1,1,1,4,0,0,0,0,0,3,0,2,0,0,0,0,1,0,0,1,0,0,0,0,0,2,3,2,0,0,0,0,0,4,0,0,5,0,0,0,2,0,1,0,0,3,0
485,MCL,1,1,2,0.25,2,2,2,2,0,0,0,0,0,2,0,0,0,0,0,2,1,0,0,2,0,0,0,0,0,3,2,1,0,0,0,0,0,0,0,0,3,0,0,0,3,0,0,0,0,3,0
486,MCL,1,1,2,0.5,2,1,3,2,2,0,0,1,0,2,0,1,0,0,0,2,2,0,0,3,0,0,0,0,0,0,3,2,0,0,0,0,0,0,0,0,3,0,0,0,4,0,0,0,0,4,0
487,MCL,1,1,3,0.25,1,2,2,0,0,0,0,1,0,2,0,0,0,0,0,2,2,0,0,2,0,0,0,0,0,0,2,1,0,0,0,0,0,0,0,0,2,0,0,0,3,0,0,0,0,4,0
488,MCL,1,1,4,0.25,2,1,3,0,2,0,0,1,0,2,0,1,0,0,0,2,2,0,0,3,0,0,0,0,0,0,2,0,0,0,0,0,0,0,0,0,2,0,0,0,4,0,0,0,0,3,0
489,MCL,1,1,2,1,2,2,2,4,1,0,1,1,0,3,2,2,0,0,0,1,2,0,0,3,0,0,0,0,0,2,2,2,2,0,0,0,0,4,0,0,3,0,0,0,2,0,2,0,1,5,0
490,MCL,1,1,4,0.5,1,1,2,2,2,0,0,1,0,4,0,2,0,0,0,2,1,0,0,2,0,0,0,0,0,2,3,0,0,0,0,0,0,0,0,0,4,0,0,0,0,0,1,0,0,3,0
491,MCL,1,1,5,0.25,2,1,0,1,1,0,0,1,0,2,0,2,0,0,0,2,1,0,0,1,0,0,0,0,0,2,3,0,0,0,0,0,0,0,0,0,4,0,0,0,0,0,0,0,0,3,0
492,MCL,1,1,6,0.25,2,2,2,2,3,0,0,0,0,3,0,2,0,0,0,2,1,0,0,2,0,0,0,0,0,2,3,0,0,0,0,0,0,0,0,0,5,0,0,0,0,0,0,0,0,3,0
493,MCL,1,1,3,0.5,2,1,2,2,0,0,0,1,0,3,0,2,0,0,0,0,1,0,0,3,0,0,0,0,0,2,3,0,2,0,0,0,0,3,0,0,4,0,0,0,2,0,0,0,0,5,0
494,MCL,1,1,7,0.25,1,2,2,0,0,0,0,1,0,3,0,2,0,0,0,0,2,0,0,0,0,0,0,0,0,0,0,0,2,0,0,0,0,3,0,0,4,0,0,0,3,0,0,0,0,4,0
495,MCL,1,1,8,0.25,2,1,0,1,0,0,0,0,0,2,0,1,0,0,0,0,1,0,0,3,0,0,0,0,0,0,0,0,3,0,0,0,0,2,0,0,4,0,0,0,0,0,0,0,0,5,0
