"","site","plot","row","scale","x.1","x.2","x.3","x.4","y.1","y.2","y.3","y.4"
"1",1,1,1,2,2,2,4,4,0,2,2,0
"2",1,1,2,1,3,3,4,4,0,1,1,0
"3",1,1,3,0.5,3,3,3.5,3.5,0,0.5,0.5,0
"4",1,1,4,0.25,3,3,3.25,3.25,0,0.25,0.25,0
"5",1,1,5,0.25,3.25,3.25,3.5,3.5,0.25,0.5,0.5,0.25
"6",1,1,6,0.5,3.5,3.5,4,4,0,0.5,0.5,0
"7",1,1,7,0.25,3.5,3.5,3.75,3.75,0.25,0.5,0.5,0.25
"8",1,1,8,0.25,3.75,3.75,4,4,0,0.25,0.25,0
"9",1,1,9,1,3,3,4,4,1,2,2,1
"10",1,1,10,0.5,3,3,3.5,3.5,1,1.5,1.5,1
"11",1,1,11,0.25,3.25,3.25,3.5,3.5,1,1.25,1.25,1
"12",1,1,12,0.25,3.25,3.25,3.5,3.5,1.25,1.5,1.5,1.25
"13",1,1,13,0.5,3.5,3.5,4,4,1,1.5,1.5,1
"14",1,1,14,0.25,3.5,3.5,3.75,3.75,1.25,1.5,1.5,1.25
"15",1,1,15,0.25,3.75,3.75,4,4,1,1.25,1.25,1
"16",1,2,16,2,0,0,2,2,2,4,4,2
"17",1,2,17,1,0,0,1,1,3,4,4,3
"18",1,2,18,0.5,0,0,0.5,0.5,3,3.5,3.5,3
"19",1,2,19,0.25,0,0,0.25,0.25,3.25,3.5,3.5,3.25
"20",1,2,20,0.25,0.25,0.25,0.5,0.5,3.25,3.5,3.5,3.25
"21",1,2,21,0.5,0.5,0.5,1,1,3,3.5,3.5,3
"22",1,2,22,0.25,0.5,0.5,0.75,0.75,3,3.25,3.25,3
"23",1,2,23,0.25,0.5,0.5,0.75,0.75,3.25,3.5,3.5,3.25
"24",1,2,24,1,1,1,2,2,3,4,4,3
"25",1,2,25,0.5,1.5,1.5,2,2,3,3.5,3.5,3
"26",1,2,26,0.25,1.5,1.5,1.75,1.75,3,3.25,3.25,3
"27",1,2,27,0.25,1.5,1.5,1.75,1.75,3.25,3.5,3.5,3.25
"28",1,2,28,0.5,1.5,1.5,2,2,3.5,4,4,3.5
"29",1,2,29,0.25,1.75,1.75,2,2,3.5,3.75,3.75,3.5
"30",1,2,30,0.25,1.75,1.75,2,2,3.75,4,4,3.75
"31",1,2,31,4,0,0,4,4,0,4,4,0
"32",1,3,32,2,2,2,4,4,4,6,6,4
"33",1,3,33,1,2,2,3,3,4,5,5,4
"34",1,3,34,0.5,2.5,2.5,3,3,4,4.5,4.5,4
"35",1,3,35,0.25,2.5,2.5,2.75,2.75,4,4.25,4.25,4
"36",1,3,36,0.25,2.5,2.5,2.75,2.75,4.25,4.5,4.5,4.25
"37",1,3,37,0.5,2.5,2.5,3,3,4.5,5,5,4.5
"38",1,3,38,0.25,2.5,2.5,2.75,2.75,4.5,4.75,4.75,4.5
"39",1,3,39,0.25,2.5,2.5,2.75,2.75,4.75,5,5,4.75
"40",1,3,40,1,3,3,4,4,4,5,5,4
"41",1,3,41,0.5,3,3,3.5,3.5,4,4.5,4.5,4
"42",1,3,42,0.25,3.25,3.25,3.5,3.5,4,4.25,4.25,4
"43",1,3,43,0.25,3,3,3.25,3.25,4.25,4.5,4.5,4.25
"44",1,3,44,0.5,3,3,3.5,3.5,4.5,5,5,4.5
"45",1,3,45,0.25,3.25,3.25,3.5,3.5,4.5,4.75,4.75,4.5
"46",1,3,46,0.25,3.25,3.25,3.5,3.5,4.75,5,5,4.75
"47",1,4,47,2,0,0,2,2,6,8,8,6
"48",1,4,48,1,0,0,1,1,7,8,8,7
"49",1,4,49,0.5,0,0,0.5,0.5,7,7.5,7.5,7
"50",1,4,50,0.25,0,0,0.25,0.25,7,7.25,7.25,7
"51",1,4,51,0.25,0,0,0.25,0.25,7.25,7.5,7.5,7.25
"52",1,4,52,0.5,0.5,0.5,1,1,7.5,8,8,7.5
"53",1,4,53,0.25,0.5,0.5,0.75,0.75,7.75,8,8,7.75
"54",1,4,54,0.25,0.75,0.75,1,1,7.5,7.75,7.75,7.5
"55",1,4,55,1,1,1,2,2,7,8,8,7
"56",1,4,56,0.5,1,1,1.5,1.5,7,7.5,7.5,7
"57",1,4,57,0.25,1,1,1.25,1.25,7,7.25,7.25,7
"58",1,4,58,0.25,1,1,1.25,1.25,7.25,7.5,7.5,7.25
"59",1,4,59,0.5,1.5,1.5,2,2,7.5,8,8,7.5
"60",1,4,60,0.25,1.5,1.5,1.75,1.75,7.75,8,8,7.75
"61",1,4,61,0.25,1.75,1.75,2,2,7.75,8,8,7.75
"62",1,4,62,4,0,0,4,4,4,8,8,4
"63",1,5,63,2,6,6,8,8,0,2,2,0
"64",1,5,64,1,6,6,7,7,1,2,2,1
"65",1,5,65,0.5,6,6,6.5,6.5,1.5,2,2,1.5
"66",1,5,66,0.25,6,6,6.25,6.25,1.5,1.75,1.75,1.5
"67",1,5,67,0.25,6,6,6.25,6.25,1.75,2,2,1.75
"68",1,5,68,0.5,6.5,6.5,7,7,1.5,2,2,1.5
"69",1,5,69,0.25,6.75,6.75,7,7,1.5,1.75,1.75,1.5
"70",1,5,70,0.25,6.75,6.75,7,7,1.75,2,2,1.75
"71",1,5,71,1,7,7,8,8,1,2,2,1
"72",1,5,72,0.5,7,7,7.5,7.5,1.5,2,2,1.5
"73",1,5,73,0.25,7,7,7.25,7.25,1.5,1.75,1.75,1.5
"74",1,5,74,0.25,7,7,7.25,7.25,1.75,2,2,1.75
"75",1,5,75,0.5,7.5,7.5,8,8,1,1.5,1.5,1
"76",1,5,76,0.25,7.5,7.5,7.75,7.75,1.25,1.5,1.5,1.25
"77",1,5,77,0.25,7.75,7.75,8,8,1.25,1.5,1.5,1.25
"78",1,6,78,2,4,4,6,6,2,4,4,2
"79",1,6,79,1,4,4,5,5,3,4,4,3
"80",1,6,80,0.5,4,4,4.5,4.5,3.5,4,4,3.5
"81",1,6,81,0.25,4,4,4.25,4.25,3.5,3.75,3.75,3.5
"82",1,6,82,0.25,4.25,4.25,4.5,4.5,3.5,3.75,3.75,3.5
"83",1,6,83,0.5,4.5,4.5,5,5,3.5,4,4,3.5
"84",1,6,84,0.25,4.75,4.75,5,5,3.5,3.75,3.75,3.5
"85",1,6,85,0.25,4.75,4.75,5,5,3.75,4,4,3.75
"86",1,6,86,1,5,5,6,6,3,4,4,3
"87",1,6,87,0.5,5.5,5.5,6,6,3,3.5,3.5,3
"88",1,6,88,0.25,5.5,5.5,5.75,5.75,3,3.25,3.25,3
"89",1,6,89,0.25,5.5,5.5,5.75,5.75,3.25,3.5,3.5,3.25
"90",1,6,90,0.5,5.5,5.5,6,6,3.5,4,4,3.5
"91",1,6,91,0.25,5.5,5.5,5.75,5.75,3.5,3.75,3.75,3.5
"92",1,6,92,0.25,5.5,5.5,5.75,5.75,3.75,4,4,3.75
"93",1,6,93,4,4,4,8,8,0,4,4,0
"94",1,7,94,2,4,4,6,6,4,6,6,4
"95",1,7,95,1,4,4,5,5,5,6,6,5
"96",1,7,96,0.5,4,4,4.5,4.5,5,5.5,5.5,5
"97",1,7,97,0.25,4,4,4.25,4.25,5,5.25,5.25,5
"98",1,7,98,0.25,4.25,4.25,4.5,4.5,5.25,5.5,5.5,5.25
"99",1,7,99,0.5,4,4,4.5,4.5,5.5,6,6,5.5
"100",1,7,100,0.25,4,4,4.25,4.25,5.5,5.75,5.75,5.5
"101",1,7,101,0.25,4,4,4.25,4.25,5.75,6,6,5.75
"102",1,7,102,1,5,5,6,6,4,5,5,4
"103",1,7,103,0.5,5.5,5.5,6,6,4,4.5,4.5,4
"104",1,7,104,0.25,5.5,5.5,5.75,5.75,4,4.25,4.25,4
"105",1,7,105,0.25,5.75,5.75,6,6,4,4.25,4.25,4
"106",1,7,106,0.5,5.5,5.5,6,6,4.5,5,5,4.5
"107",1,7,107,0.25,5.5,5.5,5.75,5.75,4.75,5,5,4.75
"108",1,7,108,0.25,5.75,5.75,6,6,4.75,5,5,4.75
"109",1,8,109,2,6,6,8,8,6,8,8,6
"110",1,8,110,1,6,6,7,7,7,8,8,7
"111",1,8,111,0.5,6,6,6.5,6.5,7,7.5,7.5,7
"112",1,8,112,0.25,6,6,6.25,6.25,7.25,7.5,7.5,7.25
"113",1,8,113,0.25,6.25,6.25,6.5,6.5,7.25,7.5,7.5,7.25
"114",1,8,114,0.5,6.5,6.5,7,7,7,7.5,7.5,7
"115",1,8,115,0.25,6.5,6.5,6.75,6.75,7,7.25,7.25,7
"116",1,8,116,0.25,6.75,6.75,7,7,7.25,7.5,7.5,7.25
"117",1,8,117,1,7,7,8,8,7,8,8,7
"118",1,8,118,0.5,7,7,7.5,7.5,7.5,8,8,7.5
"119",1,8,119,0.25,7,7,7.25,7.25,7.75,8,8,7.75
"120",1,8,120,0.25,7.25,7.25,7.5,7.5,7.5,7.75,7.75,7.5
"121",1,8,121,0.5,7.5,7.5,8,8,7,7.5,7.5,7
"122",1,8,122,0.25,7.5,7.5,7.75,7.75,7.25,7.5,7.5,7.25
"123",1,8,123,0.25,7.75,7.75,8,8,7,7.25,7.25,7
"124",1,8,124,4,4,4,8,8,4,8,8,4
"125",2,1,125,2,2,2,4,4,9,11,11,9
"126",2,1,126,1,3,3,4,4,9,10,10,9
"127",2,1,127,0.5,3,3,3.5,3.5,9,9.5,9.5,9
"128",2,1,128,0.25,3,3,3.25,3.25,9,9.25,9.25,9
"129",2,1,129,0.25,3.25,3.25,3.5,3.5,9.25,9.5,9.5,9.25
"130",2,1,130,0.5,3.5,3.5,4,4,9,9.5,9.5,9
"131",2,1,131,0.25,3.5,3.5,3.75,3.75,9.25,9.5,9.5,9.25
"132",2,1,132,0.25,3.75,3.75,4,4,9,9.25,9.25,9
"133",2,1,133,1,3,3,4,4,10,11,11,10
"134",2,1,134,0.5,3,3,3.5,3.5,10,10.5,10.5,10
"135",2,1,135,0.25,3.25,3.25,3.5,3.5,10,10.25,10.25,10
"136",2,1,136,0.25,3.25,3.25,3.5,3.5,10.25,10.5,10.5,10.25
"137",2,1,137,0.5,3.5,3.5,4,4,10,10.5,10.5,10
"138",2,1,138,0.25,3.5,3.5,3.75,3.75,10.25,10.5,10.5,10.25
"139",2,1,139,0.25,3.75,3.75,4,4,10,10.25,10.25,10
"140",2,2,140,2,0,0,2,2,11,13,13,11
"141",2,2,141,1,0,0,1,1,12,13,13,12
"142",2,2,142,0.5,0,0,0.5,0.5,12,12.5,12.5,12
"143",2,2,143,0.25,0,0,0.25,0.25,12.25,12.5,12.5,12.25
"144",2,2,144,0.25,0.25,0.25,0.5,0.5,12.25,12.5,12.5,12.25
"145",2,2,145,0.5,0.5,0.5,1,1,12,12.5,12.5,12
"146",2,2,146,0.25,0.5,0.5,0.75,0.75,12,12.25,12.25,12
"147",2,2,147,0.25,0.5,0.5,0.75,0.75,12.25,12.5,12.5,12.25
"148",2,2,148,1,1,1,2,2,12,13,13,12
"149",2,2,149,0.5,1.5,1.5,2,2,12,12.5,12.5,12
"150",2,2,150,0.25,1.5,1.5,1.75,1.75,12,12.25,12.25,12
"151",2,2,151,0.25,1.5,1.5,1.75,1.75,12.25,12.5,12.5,12.25
"152",2,2,152,0.5,1.5,1.5,2,2,12.5,13,13,12.5
"153",2,2,153,0.25,1.75,1.75,2,2,12.5,12.75,12.75,12.5
"154",2,2,154,0.25,1.75,1.75,2,2,12.75,13,13,12.75
"155",2,2,155,4,0,0,4,4,9,13,13,9
"156",2,3,156,2,2,2,4,4,13,15,15,13
"157",2,3,157,1,2,2,3,3,13,14,14,13
"158",2,3,158,0.5,2.5,2.5,3,3,13,13.5,13.5,13
"159",2,3,159,0.25,2.5,2.5,2.75,2.75,13,13.25,13.25,13
"160",2,3,160,0.25,2.5,2.5,2.75,2.75,13.25,13.5,13.5,13.25
"161",2,3,161,0.5,2.5,2.5,3,3,13.5,14,14,13.5
"162",2,3,162,0.25,2.5,2.5,2.75,2.75,13.5,13.75,13.75,13.5
"163",2,3,163,0.25,2.5,2.5,2.75,2.75,13.75,14,14,13.75
"164",2,3,164,1,3,3,4,4,13,14,14,13
"165",2,3,165,0.5,3,3,3.5,3.5,13,13.5,13.5,13
"166",2,3,166,0.25,3.25,3.25,3.5,3.5,13,13.25,13.25,13
"167",2,3,167,0.25,3,3,3.25,3.25,13.25,13.5,13.5,13.25
"168",2,3,168,0.5,3,3,3.5,3.5,13.5,14,14,13.5
"169",2,3,169,0.25,3.25,3.25,3.5,3.5,13.5,13.75,13.75,13.5
"170",2,3,170,0.25,3.25,3.25,3.5,3.5,13.75,14,14,13.75
"171",2,4,171,2,0,0,2,2,15,17,17,15
"172",2,4,172,1,0,0,1,1,16,17,17,16
"173",2,4,173,0.5,0,0,0.5,0.5,16,16.5,16.5,16
"174",2,4,174,0.25,0,0,0.25,0.25,16,16.25,16.25,16
"175",2,4,175,0.25,0,0,0.25,0.25,16.25,16.5,16.5,16.25
"176",2,4,176,0.5,0.5,0.5,1,1,16.5,17,17,16.5
"177",2,4,177,0.25,0.5,0.5,0.75,0.75,16.75,17,17,16.75
"178",2,4,178,0.25,0.75,0.75,1,1,16.5,16.75,16.75,16.5
"179",2,4,179,1,1,1,2,2,16,17,17,16
"180",2,4,180,0.5,1,1,1.5,1.5,16,16.5,16.5,16
"181",2,4,181,0.25,1,1,1.25,1.25,16,16.25,16.25,16
"182",2,4,182,0.25,1,1,1.25,1.25,16.25,16.5,16.5,16.25
"183",2,4,183,0.5,1.5,1.5,2,2,16.5,17,17,16.5
"184",2,4,184,0.25,1.5,1.5,1.75,1.75,16.75,17,17,16.75
"185",2,4,185,0.25,1.75,1.75,2,2,16.75,17,17,16.75
"186",2,4,186,4,0,0,4,4,13,17,17,13
"187",2,5,187,2,6,6,8,8,9,11,11,9
"188",2,5,188,1,6,6,7,7,10,11,11,10
"189",2,5,189,0.5,6,6,6.5,6.5,10.5,11,11,10.5
"190",2,5,190,0.25,6,6,6.25,6.25,10.5,10.75,10.75,10.5
"191",2,5,191,0.25,6,6,6.25,6.25,10.75,11,11,10.75
"192",2,5,192,0.5,6.5,6.5,7,7,10.5,11,11,10.5
"193",2,5,193,0.25,6.75,6.75,7,7,10.5,10.75,10.75,10.5
"194",2,5,194,0.25,6.75,6.75,7,7,10.75,11,11,10.75
"195",2,5,195,1,7,7,8,8,10,11,11,10
"196",2,5,196,0.5,7,7,7.5,7.5,10.5,11,11,10.5
"197",2,5,197,0.25,7,7,7.25,7.25,10.5,10.75,10.75,10.5
"198",2,5,198,0.25,7,7,7.25,7.25,10.75,11,11,10.75
"199",2,5,199,0.5,7.5,7.5,8,8,10,10.5,10.5,10
"200",2,5,200,0.25,7.5,7.5,7.75,7.75,10.25,10.5,10.5,10.25
"201",2,5,201,0.25,7.75,7.75,8,8,10.25,10.5,10.5,10.25
"202",2,6,202,2,4,4,6,6,11,13,13,11
"203",2,6,203,1,4,4,5,5,12,13,13,12
"204",2,6,204,0.5,4,4,4.5,4.5,12.5,13,13,12.5
"205",2,6,205,0.25,4,4,4.25,4.25,12.5,12.75,12.75,12.5
"206",2,6,206,0.25,4.25,4.25,4.5,4.5,12.5,12.75,12.75,12.5
"207",2,6,207,0.5,4.5,4.5,5,5,12.5,13,13,12.5
"208",2,6,208,0.25,4.75,4.75,5,5,12.5,12.75,12.75,12.5
"209",2,6,209,0.25,4.75,4.75,5,5,12.75,13,13,12.75
"210",2,6,210,1,5,5,6,6,12,13,13,12
"211",2,6,211,0.5,5.5,5.5,6,6,12,12.5,12.5,12
"212",2,6,212,0.25,5.5,5.5,5.75,5.75,12,12.25,12.25,12
"213",2,6,213,0.25,5.5,5.5,5.75,5.75,12.25,12.5,12.5,12.25
"214",2,6,214,0.5,5.5,5.5,6,6,12.5,13,13,12.5
"215",2,6,215,0.25,5.5,5.5,5.75,5.75,12.5,12.75,12.75,12.5
"216",2,6,216,0.25,5.5,5.5,5.75,5.75,12.75,13,13,12.75
"217",2,6,217,4,4,4,8,8,9,13,13,9
"218",2,7,218,2,4,4,6,6,13,15,15,13
"219",2,7,219,1,4,4,5,5,14,15,15,14
"220",2,7,220,0.5,4,4,4.5,4.5,14,14.5,14.5,14
"221",2,7,221,0.25,4,4,4.25,4.25,14,14.25,14.25,14
"222",2,7,222,0.25,4.25,4.25,4.5,4.5,14.25,14.5,14.5,14.25
"223",2,7,223,0.5,4,4,4.5,4.5,14.5,15,15,14.5
"224",2,7,224,0.25,4,4,4.25,4.25,14.5,14.75,14.75,14.5
"225",2,7,225,0.25,4,4,4.25,4.25,14.75,15,15,14.75
"226",2,7,226,1,5,5,6,6,13,14,14,13
"227",2,7,227,0.5,5.5,5.5,6,6,13,13.5,13.5,13
"228",2,7,228,0.25,5.5,5.5,5.75,5.75,13,13.25,13.25,13
"229",2,7,229,0.25,5.75,5.75,6,6,13,13.25,13.25,13
"230",2,7,230,0.5,5.5,5.5,6,6,13.5,14,14,13.5
"231",2,7,231,0.25,5.5,5.5,5.75,5.75,13.75,14,14,13.75
"232",2,7,232,0.25,5.75,5.75,6,6,13.75,14,14,13.75
"233",2,8,233,2,6,6,8,8,15,17,17,15
"234",2,8,234,1,6,6,7,7,16,17,17,16
"235",2,8,235,0.5,6,6,6.5,6.5,16,16.5,16.5,16
"236",2,8,236,0.25,6,6,6.25,6.25,16.25,16.5,16.5,16.25
"237",2,8,237,0.25,6.25,6.25,6.5,6.5,16.25,16.5,16.5,16.25
"238",2,8,238,0.5,6.5,6.5,7,7,16,16.5,16.5,16
"239",2,8,239,0.25,6.5,6.5,6.75,6.75,16,16.25,16.25,16
"240",2,8,240,0.25,6.75,6.75,7,7,16.25,16.5,16.5,16.25
"241",2,8,241,1,7,7,8,8,16,17,17,16
"242",2,8,242,0.5,7,7,7.5,7.5,16.5,17,17,16.5
"243",2,8,243,0.25,7,7,7.25,7.25,16.75,17,17,16.75
"244",2,8,244,0.25,7.25,7.25,7.5,7.5,16.5,16.75,16.75,16.5
"245",2,8,245,0.5,7.5,7.5,8,8,16,16.5,16.5,16
"246",2,8,246,0.25,7.5,7.5,7.75,7.75,16.25,16.5,16.5,16.25
"247",2,8,247,0.25,7.75,7.75,8,8,16,16.25,16.25,16
"248",2,8,248,4,4,4,8,8,13,17,17,13
"249",3,1,249,2,11,11,13,13,0,2,2,0
"250",3,1,250,1,12,12,13,13,0,1,1,0
"251",3,1,251,0.5,12,12,12.5,12.5,0,0.5,0.5,0
"252",3,1,252,0.25,12,12,12.25,12.25,0,0.25,0.25,0
"253",3,1,253,0.25,12.25,12.25,12.5,12.5,0.25,0.5,0.5,0.25
"254",3,1,254,0.5,12.5,12.5,13,13,0,0.5,0.5,0
"255",3,1,255,0.25,12.5,12.5,12.75,12.75,0.25,0.5,0.5,0.25
"256",3,1,256,0.25,12.75,12.75,13,13,0,0.25,0.25,0
"257",3,1,257,1,12,12,13,13,1,2,2,1
"258",3,1,258,0.5,12,12,12.5,12.5,1,1.5,1.5,1
"259",3,1,259,0.25,12.25,12.25,12.5,12.5,1,1.25,1.25,1
"260",3,1,260,0.25,12.25,12.25,12.5,12.5,1.25,1.5,1.5,1.25
"261",3,1,261,0.5,12.5,12.5,13,13,1,1.5,1.5,1
"262",3,1,262,0.25,12.5,12.5,12.75,12.75,1.25,1.5,1.5,1.25
"263",3,1,263,0.25,12.75,12.75,13,13,1,1.25,1.25,1
"264",3,2,264,2,9,9,11,11,2,4,4,2
"265",3,2,265,1,9,9,10,10,3,4,4,3
"266",3,2,266,0.5,9,9,9.5,9.5,3,3.5,3.5,3
"267",3,2,267,0.25,9,9,9.25,9.25,3.25,3.5,3.5,3.25
"268",3,2,268,0.25,9.25,9.25,9.5,9.5,3.25,3.5,3.5,3.25
"269",3,2,269,0.5,9.5,9.5,10,10,3,3.5,3.5,3
"270",3,2,270,0.25,9.5,9.5,9.75,9.75,3,3.25,3.25,3
"271",3,2,271,0.25,9.5,9.5,9.75,9.75,3.25,3.5,3.5,3.25
"272",3,2,272,1,10,10,11,11,3,4,4,3
"273",3,2,273,0.5,10.5,10.5,11,11,3,3.5,3.5,3
"274",3,2,274,0.25,10.5,10.5,10.75,10.75,3,3.25,3.25,3
"275",3,2,275,0.25,10.5,10.5,10.75,10.75,3.25,3.5,3.5,3.25
"276",3,2,276,0.5,10.5,10.5,11,11,3.5,4,4,3.5
"277",3,2,277,0.25,10.75,10.75,11,11,3.5,3.75,3.75,3.5
"278",3,2,278,0.25,10.75,10.75,11,11,3.75,4,4,3.75
"279",3,2,279,4,9,9,13,13,0,4,4,0
"280",3,3,280,2,11,11,13,13,4,6,6,4
"281",3,3,281,1,11,11,12,12,4,5,5,4
"282",3,3,282,0.5,11.5,11.5,12,12,4,4.5,4.5,4
"283",3,3,283,0.25,11.5,11.5,11.75,11.75,4,4.25,4.25,4
"284",3,3,284,0.25,11.5,11.5,11.75,11.75,4.25,4.5,4.5,4.25
"285",3,3,285,0.5,11.5,11.5,12,12,4.5,5,5,4.5
"286",3,3,286,0.25,11.5,11.5,11.75,11.75,4.5,4.75,4.75,4.5
"287",3,3,287,0.25,11.5,11.5,11.75,11.75,4.75,5,5,4.75
"288",3,3,288,1,12,12,13,13,4,5,5,4
"289",3,3,289,0.5,12,12,12.5,12.5,4,4.5,4.5,4
"290",3,3,290,0.25,12.25,12.25,12.5,12.5,4,4.25,4.25,4
"291",3,3,291,0.25,12,12,12.25,12.25,4.25,4.5,4.5,4.25
"292",3,3,292,0.5,12,12,12.5,12.5,4.5,5,5,4.5
"293",3,3,293,0.25,12.25,12.25,12.5,12.5,4.5,4.75,4.75,4.5
"294",3,3,294,0.25,12.25,12.25,12.5,12.5,4.75,5,5,4.75
"295",3,4,295,2,9,9,11,11,6,8,8,6
"296",3,4,296,1,9,9,10,10,7,8,8,7
"297",3,4,297,0.5,9,9,9.5,9.5,7,7.5,7.5,7
"298",3,4,298,0.25,9,9,9.25,9.25,7,7.25,7.25,7
"299",3,4,299,0.25,9,9,9.25,9.25,7.25,7.5,7.5,7.25
"300",3,4,300,0.5,9.5,9.5,10,10,7.5,8,8,7.5
"301",3,4,301,0.25,9.5,9.5,9.75,9.75,7.75,8,8,7.75
"302",3,4,302,0.25,9.75,9.75,10,10,7.5,7.75,7.75,7.5
"303",3,4,303,1,10,10,11,11,7,8,8,7
"304",3,4,304,0.5,10,10,10.5,10.5,7,7.5,7.5,7
"305",3,4,305,0.25,10,10,10.25,10.25,7,7.25,7.25,7
"306",3,4,306,0.25,10,10,10.25,10.25,7.25,7.5,7.5,7.25
"307",3,4,307,0.5,10.5,10.5,11,11,7.5,8,8,7.5
"308",3,4,308,0.25,10.5,10.5,10.75,10.75,7.75,8,8,7.75
"309",3,4,309,0.25,10.75,10.75,11,11,7.75,8,8,7.75
"310",3,4,310,4,9,9,13,13,4,8,8,4
"311",3,5,311,2,15,15,17,17,0,2,2,0
"312",3,5,312,1,15,15,16,16,1,2,2,1
"313",3,5,313,0.5,15,15,15.5,15.5,1.5,2,2,1.5
"314",3,5,314,0.25,15,15,15.25,15.25,1.5,1.75,1.75,1.5
"315",3,5,315,0.25,15,15,15.25,15.25,1.75,2,2,1.75
"316",3,5,316,0.5,15.5,15.5,16,16,1.5,2,2,1.5
"317",3,5,317,0.25,15.75,15.75,16,16,1.5,1.75,1.75,1.5
"318",3,5,318,0.25,15.75,15.75,16,16,1.75,2,2,1.75
"319",3,5,319,1,16,16,17,17,1,2,2,1
"320",3,5,320,0.5,16,16,16.5,16.5,1.5,2,2,1.5
"321",3,5,321,0.25,16,16,16.25,16.25,1.5,1.75,1.75,1.5
"322",3,5,322,0.25,16,16,16.25,16.25,1.75,2,2,1.75
"323",3,5,323,0.5,16.5,16.5,17,17,1,1.5,1.5,1
"324",3,5,324,0.25,16.5,16.5,16.75,16.75,1.25,1.5,1.5,1.25
"325",3,5,325,0.25,16.75,16.75,17,17,1.25,1.5,1.5,1.25
"326",3,6,326,2,13,13,15,15,2,4,4,2
"327",3,6,327,1,13,13,14,14,3,4,4,3
"328",3,6,328,0.5,13,13,13.5,13.5,3.5,4,4,3.5
"329",3,6,329,0.25,13,13,13.25,13.25,3.5,3.75,3.75,3.5
"330",3,6,330,0.25,13.25,13.25,13.5,13.5,3.5,3.75,3.75,3.5
"331",3,6,331,0.5,13.5,13.5,14,14,3.5,4,4,3.5
"332",3,6,332,0.25,13.75,13.75,14,14,3.5,3.75,3.75,3.5
"333",3,6,333,0.25,13.75,13.75,14,14,3.75,4,4,3.75
"334",3,6,334,1,14,14,15,15,3,4,4,3
"335",3,6,335,0.5,14.5,14.5,15,15,3,3.5,3.5,3
"336",3,6,336,0.25,14.5,14.5,14.75,14.75,3,3.25,3.25,3
"337",3,6,337,0.25,14.5,14.5,14.75,14.75,3.25,3.5,3.5,3.25
"338",3,6,338,0.5,14.5,14.5,15,15,3.5,4,4,3.5
"339",3,6,339,0.25,14.5,14.5,14.75,14.75,3.5,3.75,3.75,3.5
"340",3,6,340,0.25,14.5,14.5,14.75,14.75,3.75,4,4,3.75
"341",3,6,341,4,13,13,17,17,0,4,4,0
"342",3,7,342,2,13,13,15,15,4,6,6,4
"343",3,7,343,1,13,13,14,14,5,6,6,5
"344",3,7,344,0.5,13,13,13.5,13.5,5,5.5,5.5,5
"345",3,7,345,0.25,13,13,13.25,13.25,5,5.25,5.25,5
"346",3,7,346,0.25,13.25,13.25,13.5,13.5,5.25,5.5,5.5,5.25
"347",3,7,347,0.5,13,13,13.5,13.5,5.5,6,6,5.5
"348",3,7,348,0.25,13,13,13.25,13.25,5.5,5.75,5.75,5.5
"349",3,7,349,0.25,13,13,13.25,13.25,5.75,6,6,5.75
"350",3,7,350,1,14,14,15,15,4,5,5,4
"351",3,7,351,0.5,14.5,14.5,15,15,4,4.5,4.5,4
"352",3,7,352,0.25,14.5,14.5,14.75,14.75,4,4.25,4.25,4
"353",3,7,353,0.25,14.75,14.75,15,15,4,4.25,4.25,4
"354",3,7,354,0.5,14.5,14.5,15,15,4.5,5,5,4.5
"355",3,7,355,0.25,14.5,14.5,14.75,14.75,4.75,5,5,4.75
"356",3,7,356,0.25,14.75,14.75,15,15,4.75,5,5,4.75
"357",3,8,357,2,15,15,17,17,6,8,8,6
"358",3,8,358,1,15,15,16,16,7,8,8,7
"359",3,8,359,0.5,15,15,15.5,15.5,7,7.5,7.5,7
"360",3,8,360,0.25,15,15,15.25,15.25,7.25,7.5,7.5,7.25
"361",3,8,361,0.25,15.25,15.25,15.5,15.5,7.25,7.5,7.5,7.25
"362",3,8,362,0.5,15.5,15.5,16,16,7,7.5,7.5,7
"363",3,8,363,0.25,15.5,15.5,15.75,15.75,7,7.25,7.25,7
"364",3,8,364,0.25,15.75,15.75,16,16,7.25,7.5,7.5,7.25
"365",3,8,365,1,16,16,17,17,7,8,8,7
"366",3,8,366,0.5,16,16,16.5,16.5,7.5,8,8,7.5
"367",3,8,367,0.25,16,16,16.25,16.25,7.75,8,8,7.75
"368",3,8,368,0.25,16.25,16.25,16.5,16.5,7.5,7.75,7.75,7.5
"369",3,8,369,0.5,16.5,16.5,17,17,7,7.5,7.5,7
"370",3,8,370,0.25,16.5,16.5,16.75,16.75,7.25,7.5,7.5,7.25
"371",3,8,371,0.25,16.75,16.75,17,17,7,7.25,7.25,7
"372",3,8,372,4,13,13,17,17,4,8,8,4
"373",4,1,373,2,11,11,13,13,9,11,11,9
"374",4,1,374,1,12,12,13,13,9,10,10,9
"375",4,1,375,0.5,12,12,12.5,12.5,9,9.5,9.5,9
"376",4,1,376,0.25,12,12,12.25,12.25,9,9.25,9.25,9
"377",4,1,377,0.25,12.25,12.25,12.5,12.5,9.25,9.5,9.5,9.25
"378",4,1,378,0.5,12.5,12.5,13,13,9,9.5,9.5,9
"379",4,1,379,0.25,12.5,12.5,12.75,12.75,9.25,9.5,9.5,9.25
"380",4,1,380,0.25,12.75,12.75,13,13,9,9.25,9.25,9
"381",4,1,381,1,12,12,13,13,10,11,11,10
"382",4,1,382,0.5,12,12,12.5,12.5,10,10.5,10.5,10
"383",4,1,383,0.25,12.25,12.25,12.5,12.5,10,10.25,10.25,10
"384",4,1,384,0.25,12.25,12.25,12.5,12.5,10.25,10.5,10.5,10.25
"385",4,1,385,0.5,12.5,12.5,13,13,10,10.5,10.5,10
"386",4,1,386,0.25,12.5,12.5,12.75,12.75,10.25,10.5,10.5,10.25
"387",4,1,387,0.25,12.75,12.75,13,13,10,10.25,10.25,10
"388",4,2,388,2,9,9,11,11,11,13,13,11
"389",4,2,389,1,9,9,10,10,12,13,13,12
"390",4,2,390,0.5,9,9,9.5,9.5,12,12.5,12.5,12
"391",4,2,391,0.25,9,9,9.25,9.25,12.25,12.5,12.5,12.25
"392",4,2,392,0.25,9.25,9.25,9.5,9.5,12.25,12.5,12.5,12.25
"393",4,2,393,0.5,9.5,9.5,10,10,12,12.5,12.5,12
"394",4,2,394,0.25,9.5,9.5,9.75,9.75,12,12.25,12.25,12
"395",4,2,395,0.25,9.5,9.5,9.75,9.75,12.25,12.5,12.5,12.25
"396",4,2,396,1,10,10,11,11,12,13,13,12
"397",4,2,397,0.5,10.5,10.5,11,11,12,12.5,12.5,12
"398",4,2,398,0.25,10.5,10.5,10.75,10.75,12,12.25,12.25,12
"399",4,2,399,0.25,10.5,10.5,10.75,10.75,12.25,12.5,12.5,12.25
"400",4,2,400,0.5,10.5,10.5,11,11,12.5,13,13,12.5
"401",4,2,401,0.25,10.75,10.75,11,11,12.5,12.75,12.75,12.5
"402",4,2,402,0.25,10.75,10.75,11,11,12.75,13,13,12.75
"403",4,2,403,4,9,9,13,13,9,13,13,9
"404",4,3,404,2,11,11,13,13,13,15,15,13
"405",4,3,405,1,11,11,12,12,13,14,14,13
"406",4,3,406,0.5,11.5,11.5,12,12,13,13.5,13.5,13
"407",4,3,407,0.25,11.5,11.5,11.75,11.75,13,13.25,13.25,13
"408",4,3,408,0.25,11.5,11.5,11.75,11.75,13.25,13.5,13.5,13.25
"409",4,3,409,0.5,11.5,11.5,12,12,13.5,14,14,13.5
"410",4,3,410,0.25,11.5,11.5,11.75,11.75,13.5,13.75,13.75,13.5
"411",4,3,411,0.25,11.5,11.5,11.75,11.75,13.75,14,14,13.75
"412",4,3,412,1,12,12,13,13,13,14,14,13
"413",4,3,413,0.5,12,12,12.5,12.5,13,13.5,13.5,13
"414",4,3,414,0.25,12.25,12.25,12.5,12.5,13,13.25,13.25,13
"415",4,3,415,0.25,12,12,12.25,12.25,13.25,13.5,13.5,13.25
"416",4,3,416,0.5,12,12,12.5,12.5,13.5,14,14,13.5
"417",4,3,417,0.25,12.25,12.25,12.5,12.5,13.5,13.75,13.75,13.5
"418",4,3,418,0.25,12.25,12.25,12.5,12.5,13.75,14,14,13.75
"419",4,4,419,2,9,9,11,11,15,17,17,15
"420",4,4,420,1,9,9,10,10,16,17,17,16
"421",4,4,421,0.5,9,9,9.5,9.5,16,16.5,16.5,16
"422",4,4,422,0.25,9,9,9.25,9.25,16,16.25,16.25,16
"423",4,4,423,0.25,9,9,9.25,9.25,16.25,16.5,16.5,16.25
"424",4,4,424,0.5,9.5,9.5,10,10,16.5,17,17,16.5
"425",4,4,425,0.25,9.5,9.5,9.75,9.75,16.75,17,17,16.75
"426",4,4,426,0.25,9.75,9.75,10,10,16.5,16.75,16.75,16.5
"427",4,4,427,1,10,10,11,11,16,17,17,16
"428",4,4,428,0.5,10,10,10.5,10.5,16,16.5,16.5,16
"429",4,4,429,0.25,10,10,10.25,10.25,16,16.25,16.25,16
"430",4,4,430,0.25,10,10,10.25,10.25,16.25,16.5,16.5,16.25
"431",4,4,431,0.5,10.5,10.5,11,11,16.5,17,17,16.5
"432",4,4,432,0.25,10.5,10.5,10.75,10.75,16.75,17,17,16.75
"433",4,4,433,0.25,10.75,10.75,11,11,16.75,17,17,16.75
"434",4,4,434,4,9,9,13,13,13,17,17,13
"435",4,5,435,2,15,15,17,17,9,11,11,9
"436",4,5,436,1,15,15,16,16,10,11,11,10
"437",4,5,437,0.5,15,15,15.5,15.5,10.5,11,11,10.5
"438",4,5,438,0.25,15,15,15.25,15.25,10.5,10.75,10.75,10.5
"439",4,5,439,0.25,15,15,15.25,15.25,10.75,11,11,10.75
"440",4,5,440,0.5,15.5,15.5,16,16,10.5,11,11,10.5
"441",4,5,441,0.25,15.75,15.75,16,16,10.5,10.75,10.75,10.5
"442",4,5,442,0.25,15.75,15.75,16,16,10.75,11,11,10.75
"443",4,5,443,1,16,16,17,17,10,11,11,10
"444",4,5,444,0.5,16,16,16.5,16.5,10.5,11,11,10.5
"445",4,5,445,0.25,16,16,16.25,16.25,10.5,10.75,10.75,10.5
"446",4,5,446,0.25,16,16,16.25,16.25,10.75,11,11,10.75
"447",4,5,447,0.5,16.5,16.5,17,17,10,10.5,10.5,10
"448",4,5,448,0.25,16.5,16.5,16.75,16.75,10.25,10.5,10.5,10.25
"449",4,5,449,0.25,16.75,16.75,17,17,10.25,10.5,10.5,10.25
"450",4,6,450,2,13,13,15,15,11,13,13,11
"451",4,6,451,1,13,13,14,14,12,13,13,12
"452",4,6,452,0.5,13,13,13.5,13.5,12.5,13,13,12.5
"453",4,6,453,0.25,13,13,13.25,13.25,12.5,12.75,12.75,12.5
"454",4,6,454,0.25,13.25,13.25,13.5,13.5,12.5,12.75,12.75,12.5
"455",4,6,455,0.5,13.5,13.5,14,14,12.5,13,13,12.5
"456",4,6,456,0.25,13.75,13.75,14,14,12.5,12.75,12.75,12.5
"457",4,6,457,0.25,13.75,13.75,14,14,12.75,13,13,12.75
"458",4,6,458,1,14,14,15,15,12,13,13,12
"459",4,6,459,0.5,14.5,14.5,15,15,12,12.5,12.5,12
"460",4,6,460,0.25,14.5,14.5,14.75,14.75,12,12.25,12.25,12
"461",4,6,461,0.25,14.5,14.5,14.75,14.75,12.25,12.5,12.5,12.25
"462",4,6,462,0.5,14.5,14.5,15,15,12.5,13,13,12.5
"463",4,6,463,0.25,14.5,14.5,14.75,14.75,12.5,12.75,12.75,12.5
"464",4,6,464,0.25,14.5,14.5,14.75,14.75,12.75,13,13,12.75
"465",4,6,465,4,13,13,17,17,9,13,13,9
"466",4,7,466,2,13,13,15,15,13,15,15,13
"467",4,7,467,1,13,13,14,14,14,15,15,14
"468",4,7,468,0.5,13,13,13.5,13.5,14,14.5,14.5,14
"469",4,7,469,0.25,13,13,13.25,13.25,14,14.25,14.25,14
"470",4,7,470,0.25,13.25,13.25,13.5,13.5,14.25,14.5,14.5,14.25
"471",4,7,471,0.5,13,13,13.5,13.5,14.5,15,15,14.5
"472",4,7,472,0.25,13,13,13.25,13.25,14.5,14.75,14.75,14.5
"473",4,7,473,0.25,13,13,13.25,13.25,14.75,15,15,14.75
"474",4,7,474,1,14,14,15,15,13,14,14,13
"475",4,7,475,0.5,14.5,14.5,15,15,13,13.5,13.5,13
"476",4,7,476,0.25,14.5,14.5,14.75,14.75,13,13.25,13.25,13
"477",4,7,477,0.25,14.75,14.75,15,15,13,13.25,13.25,13
"478",4,7,478,0.5,14.5,14.5,15,15,13.5,14,14,13.5
"479",4,7,479,0.25,14.5,14.5,14.75,14.75,13.75,14,14,13.75
"480",4,7,480,0.25,14.75,14.75,15,15,13.75,14,14,13.75
"481",4,8,481,2,15,15,17,17,15,17,17,15
"482",4,8,482,1,15,15,16,16,16,17,17,16
"483",4,8,483,0.5,15,15,15.5,15.5,16,16.5,16.5,16
"484",4,8,484,0.25,15,15,15.25,15.25,16.25,16.5,16.5,16.25
"485",4,8,485,0.25,15.25,15.25,15.5,15.5,16.25,16.5,16.5,16.25
"486",4,8,486,0.5,15.5,15.5,16,16,16,16.5,16.5,16
"487",4,8,487,0.25,15.5,15.5,15.75,15.75,16,16.25,16.25,16
"488",4,8,488,0.25,15.75,15.75,16,16,16.25,16.5,16.5,16.25
"489",4,8,489,1,16,16,17,17,16,17,17,16
"490",4,8,490,0.5,16,16,16.5,16.5,16.5,17,17,16.5
"491",4,8,491,0.25,16,16,16.25,16.25,16.75,17,17,16.75
"492",4,8,492,0.25,16.25,16.25,16.5,16.5,16.5,16.75,16.75,16.5
"493",4,8,493,0.5,16.5,16.5,17,17,16,16.5,16.5,16
"494",4,8,494,0.25,16.5,16.5,16.75,16.75,16.25,16.5,16.5,16.25
"495",4,8,495,0.25,16.75,16.75,17,17,16,16.25,16.25,16
"496",4,8,496,4,13,13,17,17,13,17,17,13
